frame_id,sequence_id,surface_id,direction,active_boundary,step_index,offset_m,label,target_pixel_coverage,occlusion_visibility_ratio,boundary_pixel_line,rgb_path
4076003,surface_omega/NORMAL_LOCK/DOWN,surface_omega,DOWN,BOTTOM,0,-0.0,UNKNOWN,0.6454166666666666,0.6454166666666666,"[[-796.2255898039533, 834.7751972583768], [1435.225589803953, 834.7751972583766]]",surface_omega/NORMAL_LOCK/DOWN/down_0000_rgb.png
4076004,surface_omega/NORMAL_LOCK/DOWN,surface_omega,DOWN,BOTTOM,1,-1.0,UNKNOWN,0.6250520833333333,0.6250520833333333,"[[-796.2255898039532, 775.7201226071338], [1435.225589803953, 775.7201226071337]]",surface_omega/NORMAL_LOCK/DOWN/down_0001_rgb.png
4076005,surface_omega/NORMAL_LOCK/DOWN,surface_omega,DOWN,BOTTOM,2,-2.0,UNKNOWN,0.6250520833333333,0.6250520833333333,"[[-796.2255898039532, 716.6650479558912], [1435.225589803953, 716.665047955891]]",surface_omega/NORMAL_LOCK/DOWN/down_0002_rgb.png
4076006,surface_omega/NORMAL_LOCK/DOWN,surface_omega,DOWN,BOTTOM,3,-3.0,UNKNOWN,0.6453125,0.6453125,"[[-796.2255898039532, 657.6099733046484], [1435.225589803953, 657.6099733046483]]",surface_omega/NORMAL_LOCK/DOWN/down_0003_rgb.png
4076007,surface_omega/NORMAL_LOCK/DOWN,surface_omega,DOWN,BOTTOM,4,-4.0,UNKNOWN,0.6454166666666666,0.6454166666666666,"[[-796.2255898039532, 598.5548986534056], [1435.225589803953, 598.5548986534055]]",surface_omega/NORMAL_LOCK/DOWN/down_0004_rgb.png
4076008,surface_omega/NORMAL_LOCK/DOWN,surface_omega,DOWN,BOTTOM,5,-5.0,UNKNOWN,0.6454166666666666,0.6454166666666666,"[[-796.2255898039531, 539.499795842509], [1435.2255898039527, 539.4997958425089]]",surface_omega/NORMAL_LOCK/DOWN/down_0005_rgb.png
4076009,surface_omega/NORMAL_LOCK/DOWN,surface_omega,DOWN,BOTTOM,6,-6.0,UNKNOWN,0.6250520833333333,0.6250520833333333,"[[-796.2255898039531, 480.4447211912662], [1435.2255898039527, 480.44472119126607]]",surface_omega/NORMAL_LOCK/DOWN/down_0006_rgb.png
4076010,surface_omega/NORMAL_LOCK/DOWN,surface_omega,DOWN,BOTTOM,7,-7.0,UNKNOWN,0.5819270833333333,0.6587853773584905,"[[-796.2255898039531, 421.3896746996774], [1435.2255898039527, 421.38967469967736]]",surface_omega/NORMAL_LOCK/DOWN/down_0007_rgb.png
4076011,surface_omega/NORMAL_LOCK/DOWN,surface_omega,DOWN,BOTTOM,8,-8.0,UNKNOWN,0.5397395833333334,0.7117445054945055,"[[-796.2255898039531, 362.33460004843477], [1435.2255898039527, 362.3346000484347]]",surface_omega/NORMAL_LOCK/DOWN/down_0008_rgb.png
4076012,surface_omega/NORMAL_LOCK/DOWN,surface_omega,DOWN,BOTTOM,9,-9.0,UNKNOWN,0.4166666666666667,0.6578947368421053,"[[-796.2255898039527, 303.279511317365], [1435.2255898039525, 303.279511317365]]",surface_omega/NORMAL_LOCK/DOWN/down_0009_rgb.png
4076013,surface_omega/NORMAL_LOCK/DOWN,surface_omega,DOWN,BOTTOM,10,-10.0,UNKNOWN,0.31364583333333335,0.6170081967213115,"[[-796.2255898039527, 244.22445074594933], [1435.2255898039525, 244.22445074594933]]",surface_omega/NORMAL_LOCK/DOWN/down_0010_rgb.png
4076014,surface_omega/NORMAL_LOCK/DOWN,surface_omega,DOWN,BOTTOM,11,-11.0,UNKNOWN,0.27234375,0.6953457446808511,"[[-796.2255898039527, 185.1693760947066], [1435.2255898039525, 185.16937609470662]]",surface_omega/NORMAL_LOCK/DOWN/down_0011_rgb.png
4076015,surface_omega/NORMAL_LOCK/DOWN,surface_omega,DOWN,BOTTOM,12,-12.0,UNKNOWN,0.15265625,0.5724609375,"[[-796.2255898039527, 126.11430496342064], [1435.2255898039525, 126.11430496342068]]",surface_omega/NORMAL_LOCK/DOWN/down_0012_rgb.png
4076016,surface_omega/NORMAL_LOCK/DOWN,surface_omega,DOWN,BOTTOM,13,-13.0,UNKNOWN,0.0,0.0,"[[-796.2255898039526, 67.05923031217796], [1435.2255898039523, 67.05923031217802]]",surface_omega/NORMAL_LOCK/DOWN/down_0013_rgb.png
4076017,surface_omega/NORMAL_LOCK/DOWN,surface_omega,DOWN,BOTTOM,14,-14.0,UNKNOWN,0.0,0.0,"[[-796.2255898039526, 8.004159180892028], [1435.2255898039523, 8.004159180892103]]",surface_omega/NORMAL_LOCK/DOWN/down_0014_rgb.png
4076018,surface_omega/NORMAL_LOCK/DOWN,surface_omega,DOWN,BOTTOM,15,-15.0,OUT,0.0,0.0,"[[-796.2255898039526, -51.05092251026419], [1435.2255898039523, -51.0509225102641]]",surface_omega/NORMAL_LOCK/DOWN/down_0015_rgb.png
4076019,surface_omega/NORMAL_LOCK/DOWN,surface_omega,DOWN,BOTTOM,16,-16.0,OUT,0.0,0.0,"[[-796.2255898039526, -110.10599716150688], [1435.2255898039523, -110.10599716150676]]",surface_omega/NORMAL_LOCK/DOWN/down_0016_rgb.png
4076020,surface_omega/NORMAL_LOCK/DOWN,surface_omega,DOWN,BOTTOM,17,-17.0,OUT,0.0,0.0,"[[-796.2255898039525, -169.1610718127495], [1435.225589803952, -169.16107181274936]]",surface_omega/NORMAL_LOCK/DOWN/down_0017_rgb.png
4075194,surface_omega/NORMAL_LOCK/LEFT,surface_omega,LEFT,LEFT,0,-0.0,UNKNOWN,0.6454166666666666,0.6454166666666666,"[[-796.2255898039522, -355.7752042982894], [-796.2255898039533, 834.7751972583768]]",surface_omega/NORMAL_LOCK/LEFT/left_0000_rgb.png
4075195,surface_omega/NORMAL_LOCK/LEFT,surface_omega,LEFT,LEFT,1,-1.0,UNKNOWN,0.6454166666666666,0.6454166666666666,"[[-737.1705151527096, -355.7752042982894], [-737.1705151527107, 834.7751972583768]]",surface_omega/NORMAL_LOCK/LEFT/left_0001_rgb.png
4075196,surface_omega/NORMAL_LOCK/LEFT,surface_omega,LEFT,LEFT,2,-2.0,UNKNOWN,0.6653125,0.6653125,"[[-678.115440501467, -355.7752042982894], [-678.1154405014679, 834.7751972583768]]",surface_omega/NORMAL_LOCK/LEFT/left_0002_rgb.png
4075197,surface_omega/NORMAL_LOCK/LEFT,surface_omega,LEFT,LEFT,3,-3.0,UNKNOWN,0.6653125,0.6653125,"[[-619.0603658502243, -355.7752042982894], [-619.0603658502251, 834.7751972583768]]",surface_omega/NORMAL_LOCK/LEFT/left_0003_rgb.png
4075198,surface_omega/NORMAL_LOCK/LEFT,surface_omega,LEFT,LEFT,4,-4.0,UNKNOWN,0.6644270833333333,0.6644270833333333,"[[-560.0052911989817, -355.7752042982894], [-560.0052911989825, 834.7751972583768]]",surface_omega/NORMAL_LOCK/LEFT/left_0004_rgb.png
4075199,surface_omega/NORMAL_LOCK/LEFT,surface_omega,LEFT,LEFT,5,-5.0,UNKNOWN,0.6422395833333333,0.6422395833333333,"[[-500.950216547739, -355.7752042982894], [-500.9502165477397, 834.7751972583768]]",surface_omega/NORMAL_LOCK/LEFT/left_0005_rgb.png
4075200,surface_omega/NORMAL_LOCK/LEFT,surface_omega,LEFT,LEFT,6,-6.0,UNKNOWN,0.6653125,0.6653125,"[[-441.89514189649634, -355.7752042982894], [-441.895141896497, 834.7751972583768]]",surface_omega/NORMAL_LOCK/LEFT/left_0006_rgb.png
4075201,surface_omega/NORMAL_LOCK/LEFT,surface_omega,LEFT,LEFT,7,-7.0,UNKNOWN,0.6653125,0.6653125,"[[-382.8400672452536, -355.7752042982894], [-382.8400672452542, 834.7751972583768]]",surface_omega/NORMAL_LOCK/LEFT/left_0007_rgb.png
4075202,surface_omega/NORMAL_LOCK/LEFT,surface_omega,LEFT,LEFT,8,-8.0,UNKNOWN,0.6422916666666667,0.6422916666666667,"[[-323.7849925940109, -355.7752042982894], [-323.7849925940115, 834.7751972583768]]",surface_omega/NORMAL_LOCK/LEFT/left_0008_rgb.png
4075203,surface_omega/NORMAL_LOCK/LEFT,surface_omega,LEFT,LEFT,9,-9.0,UNKNOWN,0.6422916666666667,0.6422916666666667,"[[-264.7299179427682, -355.7752042982894], [-264.7299179427688, 834.7751972583768]]",surface_omega/NORMAL_LOCK/LEFT/left_0009_rgb.png
4075204,surface_omega/NORMAL_LOCK/LEFT,surface_omega,LEFT,LEFT,10,-10.0,UNKNOWN,0.6282291666666666,0.6282291666666666,"[[-205.67484329152558, -355.7752042982894], [-205.67484329152606, 834.7751972583768]]",surface_omega/NORMAL_LOCK/LEFT/left_0010_rgb.png
4075205,surface_omega/NORMAL_LOCK/LEFT,surface_omega,LEFT,LEFT,11,-11.0,UNKNOWN,0.66453125,0.66453125,"[[-146.61976864028287, -355.7752042982894], [-146.61976864028333, 834.7751972583768]]",surface_omega/NORMAL_LOCK/LEFT/left_0011_rgb.png
4075206,surface_omega/NORMAL_LOCK/LEFT,surface_omega,LEFT,LEFT,12,-12.0,UNKNOWN,0.66453125,0.66453125,"[[-87.56469398904015, -355.7752042982893], [-87.56469398904055, 834.7751972583767]]",surface_omega/NORMAL_LOCK/LEFT/left_0012_rgb.png
4075207,surface_omega/NORMAL_LOCK/LEFT,surface_omega,LEFT,LEFT,13,-13.0,UNKNOWN,0.62671875,0.62671875,"[[-28.50961933779745, -355.7752042982893], [-28.50961933779779, 834.7751972583767]]",surface_omega/NORMAL_LOCK/LEFT/left_0013_rgb.png
4075208,surface_omega/NORMAL_LOCK/LEFT,surface_omega,LEFT,LEFT,14,-14.0,UNKNOWN,0.6155208333333333,0.6479166666666667,"[[30.54545531344521, -355.7752042982893], [30.545455313444926, 834.7751972583767]]",surface_omega/NORMAL_LOCK/LEFT/left_0014_rgb.png
4075209,surface_omega/NORMAL_LOCK/LEFT,surface_omega,LEFT,LEFT,15,-15.0,UNKNOWN,0.56796875,0.6633211678832117,"[[89.60052996468782, -355.7752042982893], [89.6005299646876, 834.7751972583767]]",surface_omega/NORMAL_LOCK/LEFT/left_0015_rgb.png
4075210,surface_omega/NORMAL_LOCK/LEFT,surface_omega,LEFT,LEFT,16,-16.0,UNKNOWN,0.50140625,0.6575819672131148,"[[148.65560461593049, -355.7752042982893], [148.65560461593034, 834.7751972583767]]",surface_omega/NORMAL_LOCK/LEFT/left_0016_rgb.png
4075211,surface_omega/NORMAL_LOCK/LEFT,surface_omega,LEFT,LEFT,17,-17.0,UNKNOWN,0.41770833333333335,0.6188271604938271,"[[207.7106792671732, -355.7752042982893], [207.71067926717305, 834.7751972583767]]",surface_omega/NORMAL_LOCK/LEFT/left_0017_rgb.png
4075212,surface_omega/NORMAL_LOCK/LEFT,surface_omega,LEFT,LEFT,18,-18.0,UNKNOWN,0.3771875,0.6489247311827957,"[[266.76575391841584, -355.7752042982893], [266.76575391841584, 834.7751972583767]]",surface_omega/NORMAL_LOCK/LEFT/left_0018_rgb.png
4075213,surface_omega/NORMAL_LOCK/LEFT,surface_omega,LEFT,LEFT,19,-19.0,UNKNOWN,0.2969791666666667,0.6091880341880341,"[[325.8208285696585, -355.7752042982893], [325.82082856965854, 834.7751972583767]]",surface_omega/NORMAL_LOCK/LEFT/left_0019_rgb.png
4075214,surface_omega/NORMAL_LOCK/LEFT,surface_omega,LEFT,LEFT,20,-20.0,UNKNOWN,0.2561979166666667,0.6506613756613756,"[[384.8759032209012, -355.7752042982893], [384.87590322090125, 834.7751972583767]]",surface_omega/NORMAL_LOCK/LEFT/left_0020_rgb.png
4075215,surface_omega/NORMAL_LOCK/LEFT,surface_omega,LEFT,LEFT,21,-21.0,UNKNOWN,0.18645833333333334,0.608843537414966,"[[443.93097787214384, -355.7752042982893], [443.93097787214396, 834.7751972583767]]",surface_omega/NORMAL_LOCK/LEFT/left_0021_rgb.png
4075216,surface_omega/NORMAL_LOCK/LEFT,surface_omega,LEFT,LEFT,22,-22.0,UNKNOWN,0.10890625,0.5125,"[[502.9860525233865, -355.7752042982893], [502.98605252338666, 834.7751972583767]]",surface_omega/NORMAL_LOCK/LEFT/left_0022_rgb.png
4075217,surface_omega/NORMAL_LOCK/LEFT,surface_omega,LEFT,LEFT,23,-23.0,UNKNOWN,0.09458333333333334,0.7566666666666667,"[[562.0411271746292, -355.7752042982893], [562.0411271746294, 834.7751972583767]]",surface_omega/NORMAL_LOCK/LEFT/left_0023_rgb.png
4075218,surface_omega/NORMAL_LOCK/LEFT,surface_omega,LEFT,LEFT,24,-24.0,UNKNOWN,0.03125,1.0,"[[621.0962018258718, -355.7752042982893], [621.0962018258722, 834.7751972583767]]",surface_omega/NORMAL_LOCK/LEFT/left_0024_rgb.png
4075219,surface_omega/NORMAL_LOCK/LEFT,surface_omega,LEFT,LEFT,25,-25.0,OUT,0.0,0.0,"[[680.1512764771146, -355.7752042982893], [680.151276477115, 834.7751972583767]]",surface_omega/NORMAL_LOCK/LEFT/left_0025_rgb.png
4075220,surface_omega/NORMAL_LOCK/LEFT,surface_omega,LEFT,LEFT,26,-26.0,OUT,0.0,0.0,"[[739.2063511283573, -355.7752042982893], [739.2063511283576, 834.7751972583767]]",surface_omega/NORMAL_LOCK/LEFT/left_0026_rgb.png
4075221,surface_omega/NORMAL_LOCK/LEFT,surface_omega,LEFT,LEFT,27,-27.0,OUT,0.0,0.0,"[[798.2614257795998, -355.77520429828917], [798.2614257796002, 834.7751972583766]]",surface_omega/NORMAL_LOCK/LEFT/left_0027_rgb.png
4075508,surface_omega/NORMAL_LOCK/RIGHT,surface_omega,RIGHT,RIGHT,0,0.0,UNKNOWN,0.6454166666666666,0.6454166666666666,"[[1435.2255898039518, -355.77520429828917], [1435.225589803953, 834.7751972583766]]",surface_omega/NORMAL_LOCK/RIGHT/right_0000_rgb.png
4075509,surface_omega/NORMAL_LOCK/RIGHT,surface_omega,RIGHT,RIGHT,1,1.0,UNKNOWN,0.6454166666666666,0.6454166666666666,"[[1376.1705151527092, -355.77520429828917], [1376.1705151527103, 834.7751972583766]]",surface_omega/NORMAL_LOCK/RIGHT/right_0001_rgb.png
4075510,surface_omega/NORMAL_LOCK/RIGHT,surface_omega,RIGHT,RIGHT,2,2.0,UNKNOWN,0.6644270833333333,0.6644270833333333,"[[1317.1154405014665, -355.77520429828917], [1317.1154405014674, 834.7751972583766]]",surface_omega/NORMAL_LOCK/RIGHT/right_0002_rgb.png
4075511,surface_omega/NORMAL_LOCK/RIGHT,surface_omega,RIGHT,RIGHT,3,3.0,UNKNOWN,0.66203125,0.66203125,"[[1258.060365850224, -355.77520429828917], [1258.0603658502248, 834.7751972583766]]",surface_omega/NORMAL_LOCK/RIGHT/right_0003_rgb.png
4075512,surface_omega/NORMAL_LOCK/RIGHT,surface_omega,RIGHT,RIGHT,4,4.0,UNKNOWN,0.64875,0.64875,"[[1199.0052911989812, -355.77520429828917], [1199.0052911989821, 834.7751972583766]]",surface_omega/NORMAL_LOCK/RIGHT/right_0004_rgb.png
4075513,surface_omega/NORMAL_LOCK/RIGHT,surface_omega,RIGHT,RIGHT,5,5.0,UNKNOWN,0.66453125,0.66453125,"[[1139.9502165477386, -355.77520429828917], [1139.9502165477395, 834.7751972583766]]",surface_omega/NORMAL_LOCK/RIGHT/right_0005_rgb.png
4075514,surface_omega/NORMAL_LOCK/RIGHT,surface_omega,RIGHT,RIGHT,6,6.0,UNKNOWN,0.66203125,0.66203125,"[[1080.895141896496, -355.77520429828917], [1080.8951418964966, 834.7751972583766]]",surface_omega/NORMAL_LOCK/RIGHT/right_0006_rgb.png
4075515,surface_omega/NORMAL_LOCK/RIGHT,surface_omega,RIGHT,RIGHT,7,7.0,UNKNOWN,0.6282291666666666,0.6282291666666666,"[[1021.8400672452534, -355.77520429828917], [1021.840067245254, 834.7751972583766]]",surface_omega/NORMAL_LOCK/RIGHT/right_0007_rgb.png
4075516,surface_omega/NORMAL_LOCK/RIGHT,surface_omega,RIGHT,RIGHT,8,8.0,UNKNOWN,0.6282291666666666,0.6282291666666666,"[[962.7849925940108, -355.77520429828917], [962.7849925940113, 834.7751972583766]]",surface_omega/NORMAL_LOCK/RIGHT/right_0008_rgb.png
4075517,surface_omega/NORMAL_LOCK/RIGHT,surface_omega,RIGHT,RIGHT,9,9.0,UNKNOWN,0.66453125,0.66453125,"[[903.7299179427681, -355.77520429828917], [903.7299179427686, 834.7751972583766]]",surface_omega/NORMAL_LOCK/RIGHT/right_0009_rgb.png
4075518,surface_omega/NORMAL_LOCK/RIGHT,surface_omega,RIGHT,RIGHT,10,10.0,UNKNOWN,0.66453125,0.66453125,"[[844.6748432915255, -355.77520429828917], [844.6748432915259, 834.7751972583766]]",surface_omega/NORMAL_LOCK/RIGHT/right_0010_rgb.png
4075519,surface_omega/NORMAL_LOCK/RIGHT,surface_omega,RIGHT,RIGHT,11,11.0,UNKNOWN,0.66203125,0.66203125,"[[785.6197686402828, -355.77520429828917], [785.6197686402832, 834.7751972583766]]",surface_omega/NORMAL_LOCK/RIGHT/right_0011_rgb.png
4075520,surface_omega/NORMAL_LOCK/RIGHT,surface_omega,RIGHT,RIGHT,12,12.0,UNKNOWN,0.6486458333333334,0.6486458333333334,"[[726.5646939890402, -355.7752042982893], [726.5646939890405, 834.7751972583767]]",surface_omega/NORMAL_LOCK/RIGHT/right_0012_rgb.png
4075521,surface_omega/NORMAL_LOCK/RIGHT,surface_omega,RIGHT,RIGHT,13,13.0,UNKNOWN,0.6486458333333334,0.6486458333333334,"[[667.5096193377974, -355.7752042982893], [667.5096193377979, 834.7751972583767]]",surface_omega/NORMAL_LOCK/RIGHT/right_0013_rgb.png
4075522,surface_omega/NORMAL_LOCK/RIGHT,surface_omega,RIGHT,RIGHT,14,14.0,UNKNOWN,0.6416145833333333,0.6753837719298246,"[[608.4545446865548, -355.7752042982893], [608.4545446865551, 834.7751972583767]]",surface_omega/NORMAL_LOCK/RIGHT/right_0014_rgb.png
4075523,surface_omega/NORMAL_LOCK/RIGHT,surface_omega,RIGHT,RIGHT,15,15.0,UNKNOWN,0.5944270833333334,0.6891908212560387,"[[549.3994700353121, -355.7752042982893], [549.3994700353123, 834.7751972583767]]",surface_omega/NORMAL_LOCK/RIGHT/right_0015_rgb.png
4075524,surface_omega/NORMAL_LOCK/RIGHT,surface_omega,RIGHT,RIGHT,16,16.0,UNKNOWN,0.5106770833333333,0.6642953929539296,"[[490.34439538406946, -355.7752042982893], [490.34439538406957, 834.7751972583767]]",surface_omega/NORMAL_LOCK/RIGHT/right_0016_rgb.png
4075525,surface_omega/NORMAL_LOCK/RIGHT,surface_omega,RIGHT,RIGHT,17,17.0,UNKNOWN,0.44333333333333336,0.6567901234567901,"[[431.2893207328268, -355.7752042982893], [431.28932073282687, 834.7751972583767]]",surface_omega/NORMAL_LOCK/RIGHT/right_0017_rgb.png
4075526,surface_omega/NORMAL_LOCK/RIGHT,surface_omega,RIGHT,RIGHT,18,18.0,UNKNOWN,0.3968229166666667,0.6827060931899641,"[[372.2342460815841, -355.7752042982893], [372.23424608158416, 834.7751972583767]]",surface_omega/NORMAL_LOCK/RIGHT/right_0018_rgb.png
4075527,surface_omega/NORMAL_LOCK/RIGHT,surface_omega,RIGHT,RIGHT,19,19.0,UNKNOWN,0.35625,0.7215189873417721,"[[313.17917143034146, -355.7752042982893], [313.17917143034146, 834.7751972583767]]",surface_omega/NORMAL_LOCK/RIGHT/right_0019_rgb.png
4075528,surface_omega/NORMAL_LOCK/RIGHT,surface_omega,RIGHT,RIGHT,20,20.0,UNKNOWN,0.27270833333333333,0.6817708333333333,"[[254.12409677909878, -355.7752042982893], [254.12409677909875, 834.7751972583767]]",surface_omega/NORMAL_LOCK/RIGHT/right_0020_rgb.png
4075529,surface_omega/NORMAL_LOCK/RIGHT,surface_omega,RIGHT,RIGHT,21,21.0,UNKNOWN,0.211875,0.6918367346938775,"[[195.06902212785613, -355.7752042982893], [195.069022127856, 834.7751972583767]]",surface_omega/NORMAL_LOCK/RIGHT/right_0021_rgb.png
4075530,surface_omega/NORMAL_LOCK/RIGHT,surface_omega,RIGHT,RIGHT,22,22.0,UNKNOWN,0.16177083333333334,0.7612745098039215,"[[136.01394747661342, -355.7752042982893], [136.01394747661325, 834.7751972583767]]",surface_omega/NORMAL_LOCK/RIGHT/right_0022_rgb.png
4075531,surface_omega/NORMAL_LOCK/RIGHT,surface_omega,RIGHT,RIGHT,23,23.0,UNKNOWN,0.08104166666666666,0.6483333333333333,"[[76.9588728253708, -355.7752042982893], [76.95887282537056, 834.7751972583767]]",surface_omega/NORMAL_LOCK/RIGHT/right_0023_rgb.png
4075532,surface_omega/NORMAL_LOCK/RIGHT,surface_omega,RIGHT,RIGHT,24,24.0,UNKNOWN,0.03125,1.0,"[[17.90379817412814, -355.7752042982893], [17.903798174127846, 834.7751972583767]]",surface_omega/NORMAL_LOCK/RIGHT/right_0024_rgb.png
4075533,surface_omega/NORMAL_LOCK/RIGHT,surface_omega,RIGHT,RIGHT,25,25.0,OUT,0.0,0.0,"[[-41.15127647711456, -355.7752042982893], [-41.15127647711491, 834.7751972583767]]",surface_omega/NORMAL_LOCK/RIGHT/right_0025_rgb.png
4075534,surface_omega/NORMAL_LOCK/RIGHT,surface_omega,RIGHT,RIGHT,26,26.0,OUT,0.0,0.0,"[[-100.20635112835723, -355.7752042982893], [-100.20635112835761, 834.7751972583767]]",surface_omega/NORMAL_LOCK/RIGHT/right_0026_rgb.png
4075535,surface_omega/NORMAL_LOCK/RIGHT,surface_omega,RIGHT,RIGHT,27,27.0,OUT,0.0,0.0,"[[-159.26142577959996, -355.7752042982894], [-159.26142577960042, 834.7751972583768]]",surface_omega/NORMAL_LOCK/RIGHT/right_0027_rgb.png
4075826,surface_omega/NORMAL_LOCK/UP,surface_omega,UP,TOP,0,0.0,UNKNOWN,0.6454166666666666,0.6454166666666666,"[[-796.2255898039522, -355.7752042982894], [1435.2255898039518, -355.77520429828917]]",surface_omega/NORMAL_LOCK/UP/up_0000_rgb.png
4075827,surface_omega/NORMAL_LOCK/UP,surface_omega,UP,TOP,1,1.0,UNKNOWN,0.6453125,0.6453125,"[[-796.2255898039525, -296.7201296470468], [1435.225589803952, -296.72012964704663]]",surface_omega/NORMAL_LOCK/UP/up_0001_rgb.png
4075828,surface_omega/NORMAL_LOCK/UP,surface_omega,UP,TOP,2,2.0,UNKNOWN,0.6252604166666667,0.6252604166666667,"[[-796.2255898039525, -237.66505499580413], [1435.225589803952, -237.66505499580396]]",surface_omega/NORMAL_LOCK/UP/up_0002_rgb.png
4075829,surface_omega/NORMAL_LOCK/UP,surface_omega,UP,TOP,3,3.0,UNKNOWN,0.6252604166666667,0.6252604166666667,"[[-796.2255898039525, -178.60998034456145], [1435.225589803952, -178.6099803445613]]",surface_omega/NORMAL_LOCK/UP/up_0003_rgb.png
4075830,surface_omega/NORMAL_LOCK/UP,surface_omega,UP,TOP,4,4.0,UNKNOWN,0.6454166666666666,0.6454166666666666,"[[-796.2255898039525, -119.55484937401083], [1435.225589803952, -119.5548493740107]]",surface_omega/NORMAL_LOCK/UP/up_0004_rgb.png
4075831,surface_omega/NORMAL_LOCK/UP,surface_omega,UP,TOP,5,5.0,UNKNOWN,0.6453125,0.6453125,"[[-796.2255898039526, -60.49977472276821], [1435.2255898039523, -60.499774722768116]]",surface_omega/NORMAL_LOCK/UP/up_0005_rgb.png
4075832,surface_omega/NORMAL_LOCK/UP,surface_omega,UP,TOP,6,6.0,UNKNOWN,0.6252604166666667,0.6252604166666667,"[[-796.2255898039526, -1.4447000715255212], [1435.2255898039523, -1.444700071525442]]",surface_omega/NORMAL_LOCK/UP/up_0006_rgb.png
4075833,surface_omega/NORMAL_LOCK/UP,surface_omega,UP,TOP,7,7.0,UNKNOWN,0.5846354166666666,0.6681547619047619,"[[-796.2255898039526, 57.61037457971721], [1435.2255898039523, 57.61037457971726]]",surface_omega/NORMAL_LOCK/UP/up_0007_rgb.png
4075834,surface_omega/NORMAL_LOCK/UP,surface_omega,UP,TOP,8,8.0,UNKNOWN,0.4983854166666667,0.6645138888888888,"[[-796.2255898039526, 116.66544923095991], [1435.2255898039523, 116.66544923095996]]",surface_omega/NORMAL_LOCK/UP/up_0008_rgb.png
4075835,surface_omega/NORMAL_LOCK/UP,surface_omega,UP,TOP,9,9.0,UNKNOWN,0.37859375,0.5977796052631579,"[[-796.2255898039527, 175.7205238822026], [1435.2255898039525, 175.7205238822026]]",surface_omega/NORMAL_LOCK/UP/up_0009_rgb.png
4075836,surface_omega/NORMAL_LOCK/UP,surface_omega,UP,TOP,10,10.0,STRADDLE,0.331875,0.6528688524590164,"[[-796.2255898039527, 234.7755985334453], [1435.2255898039525, 234.7755985334453]]",surface_omega/NORMAL_LOCK/UP/up_0010_rgb.png
4075837,surface_omega/NORMAL_LOCK/UP,surface_omega,UP,TOP,11,11.0,UNKNOWN,0.2750520833333333,0.7175271739130434,"[[-796.2255898039527, 293.830673184688], [1435.2255898039525, 293.830673184688]]",surface_omega/NORMAL_LOCK/UP/up_0011_rgb.png
4075838,surface_omega/NORMAL_LOCK/UP,surface_omega,UP,TOP,12,12.0,UNKNOWN,0.1921875,0.7439516129032258,"[[-796.2255898039527, 352.8857478359307], [1435.2255898039525, 352.88574783593066]]",surface_omega/NORMAL_LOCK/UP/up_0012_rgb.png
4075839,surface_omega/NORMAL_LOCK/UP,surface_omega,UP,TOP,13,13.0,STRADDLE,0.13333333333333333,0.9411764705882353,"[[-796.2255898039531, 411.9408224871734], [1435.2255898039527, 411.94082248717336]]",surface_omega/NORMAL_LOCK/UP/up_0013_rgb.png
4075840,surface_omega/NORMAL_LOCK/UP,surface_omega,UP,TOP,14,14.0,UNKNOWN,0.005625,0.3375,"[[-796.2255898039531, 470.9958971384162], [1435.2255898039527, 470.9958971384161]]",surface_omega/NORMAL_LOCK/UP/up_0014_rgb.png
4075841,surface_omega/NORMAL_LOCK/UP,surface_omega,UP,TOP,15,15.0,OUT,0.0,0.0,"[[-796.2255898039531, 530.0509717896588], [1435.2255898039527, 530.0509717896588]]",surface_omega/NORMAL_LOCK/UP/up_0015_rgb.png
4075842,surface_omega/NORMAL_LOCK/UP,surface_omega,UP,TOP,16,16.0,OUT,0.0,0.0,"[[-796.2255898039531, 589.1060464409017], [1435.2255898039527, 589.1060464409015]]",surface_omega/NORMAL_LOCK/UP/up_0016_rgb.png
4075843,surface_omega/NORMAL_LOCK/UP,surface_omega,UP,TOP,17,17.0,OUT,0.0,0.0,"[[-796.2255898039532, 648.1611210921443], [1435.225589803953, 648.1611210921442]]",surface_omega/NORMAL_LOCK/UP/up_0017_rgb.png
4076705,surface_sigma/NORMAL_LOCK/DOWN,surface_sigma,DOWN,BOTTOM,0,-0.0,UNKNOWN,0.0,0.0,"[[-317.48094259240384, 745.1721916018736], [956.4815702550666, 745.1721916018736]]",surface_sigma/NORMAL_LOCK/DOWN/down_0000_rgb.png
4076706,surface_sigma/NORMAL_LOCK/DOWN,surface_sigma,DOWN,BOTTOM,1,-1.0,UNKNOWN,0.0,0.0,"[[-317.48094259240384, 704.0376913390398], [956.4815702550666, 704.0376913390398]]",surface_sigma/NORMAL_LOCK/DOWN/down_0001_rgb.png
4076707,surface_sigma/NORMAL_LOCK/DOWN,surface_sigma,DOWN,BOTTOM,2,-2.0,UNKNOWN,0.0,0.0,"[[-317.48094259240384, 662.9031910762061], [956.4815702550666, 662.9031910762061]]",surface_sigma/NORMAL_LOCK/DOWN/down_0002_rgb.png
4076708,surface_sigma/NORMAL_LOCK/DOWN,surface_sigma,DOWN,BOTTOM,3,-3.0,UNKNOWN,0.0,0.0,"[[-317.48094259240384, 621.7686908133724], [956.4815702550666, 621.7686908133724]]",surface_sigma/NORMAL_LOCK/DOWN/down_0003_rgb.png
4076709,surface_sigma/NORMAL_LOCK/DOWN,surface_sigma,DOWN,BOTTOM,4,-4.0,UNKNOWN,0.0,0.0,"[[-317.48094259240384, 580.6341905505386], [956.4815702550666, 580.6341905505386]]",surface_sigma/NORMAL_LOCK/DOWN/down_0004_rgb.png
4076710,surface_sigma/NORMAL_LOCK/DOWN,surface_sigma,DOWN,BOTTOM,5,-5.0,UNKNOWN,0.0,0.0,"[[-317.48094259240384, 539.4996902877049], [956.4815702550666, 539.4996902877049]]",surface_sigma/NORMAL_LOCK/DOWN/down_0005_rgb.png
4076711,surface_sigma/NORMAL_LOCK/DOWN,surface_sigma,DOWN,BOTTOM,6,-6.0,UNKNOWN,0.0,0.0,"[[-317.48094259240384, 498.3651900248712], [956.4815702550666, 498.3651900248712]]",surface_sigma/NORMAL_LOCK/DOWN/down_0006_rgb.png
4076712,surface_sigma/NORMAL_LOCK/DOWN,surface_sigma,DOWN,BOTTOM,7,-7.0,UNKNOWN,0.0,0.0,"[[-317.48094259240384, 457.23067014757925], [956.4815702550666, 457.23067014757925]]",surface_sigma/NORMAL_LOCK/DOWN/down_0007_rgb.png
4076713,surface_sigma/NORMAL_LOCK/DOWN,surface_sigma,DOWN,BOTTOM,8,-8.0,UNKNOWN,0.0,0.0,"[[-317.48094259240384, 416.0961698847455], [956.4815702550666, 416.0961698847455]]",surface_sigma/NORMAL_LOCK/DOWN/down_0008_rgb.png
4076714,surface_sigma/NORMAL_LOCK/DOWN,surface_sigma,DOWN,BOTTOM,9,-9.0,UNKNOWN,0.0,0.0,"[[-317.48094259240384, 374.96166962191177], [956.4815702550666, 374.96166962191177]]",surface_sigma/NORMAL_LOCK/DOWN/down_0009_rgb.png
4076715,surface_sigma/NORMAL_LOCK/DOWN,surface_sigma,DOWN,BOTTOM,10,-10.0,UNKNOWN,0.0,0.0,"[[-317.48094259240384, 333.827169359078], [956.4815702550666, 333.827169359078]]",surface_sigma/NORMAL_LOCK/DOWN/down_0010_rgb.png
4076716,surface_sigma/NORMAL_LOCK/DOWN,surface_sigma,DOWN,BOTTOM,11,-11.0,UNKNOWN,0.0,0.0,"[[-317.48094259240384, 292.6926789034734], [956.4815702550666, 292.6926789034734]]",surface_sigma/NORMAL_LOCK/DOWN/down_0011_rgb.png
4076717,surface_sigma/NORMAL_LOCK/DOWN,surface_sigma,DOWN,BOTTOM,12,-12.0,UNKNOWN,0.0,0.0,"[[-317.48094259240384, 251.5581884478687], [956.4815702550666, 251.5581884478687]]",surface_sigma/NORMAL_LOCK/DOWN/down_0012_rgb.png
4076718,surface_sigma/NORMAL_LOCK/DOWN,surface_sigma,DOWN,BOTTOM,13,-13.0,UNKNOWN,0.0,0.0,"[[-317.48094259240384, 210.42368818503496], [956.4815702550666, 210.42368818503496]]",surface_sigma/NORMAL_LOCK/DOWN/down_0013_rgb.png
4076719,surface_sigma/NORMAL_LOCK/DOWN,surface_sigma,DOWN,BOTTOM,14,-14.0,UNKNOWN,0.0,0.0,"[[-317.48094259240384, 169.28918585348882], [956.4815702550666, 169.28918585348882]]",surface_sigma/NORMAL_LOCK/DOWN/down_0014_rgb.png
4076720,surface_sigma/NORMAL_LOCK/DOWN,surface_sigma,DOWN,BOTTOM,15,-15.0,UNKNOWN,0.0,0.0,"[[-317.48094259240384, 128.1546852075602], [956.4815702550666, 128.1546852075602]]",surface_sigma/NORMAL_LOCK/DOWN/down_0015_rgb.png
4076721,surface_sigma/NORMAL_LOCK/DOWN,surface_sigma,DOWN,BOTTOM,16,-16.0,UNKNOWN,0.0,0.0,"[[-317.48094259240384, 87.02018739653371], [956.4815702550666, 87.02018739653371]]",surface_sigma/NORMAL_LOCK/DOWN/down_0016_rgb.png
4076722,surface_sigma/NORMAL_LOCK/DOWN,surface_sigma,DOWN,BOTTOM,17,-17.0,UNKNOWN,0.0,0.0,"[[-317.48094259240384, 45.88568713369998], [956.4815702550666, 45.88568713369998]]",surface_sigma/NORMAL_LOCK/DOWN/down_0017_rgb.png
4076723,surface_sigma/NORMAL_LOCK/DOWN,surface_sigma,DOWN,BOTTOM,18,-18.0,UNKNOWN,0.0,0.0,"[[-317.48094259240384, 4.751186870866241], [956.4815702550666, 4.751186870866241]]",surface_sigma/NORMAL_LOCK/DOWN/down_0018_rgb.png
4076724,surface_sigma/NORMAL_LOCK/DOWN,surface_sigma,DOWN,BOTTOM,19,-19.0,OUT,0.0,0.0,"[[-317.48094259240384, -36.3833133919675], [956.4815702550666, -36.3833133919675]]",surface_sigma/NORMAL_LOCK/DOWN/down_0019_rgb.png
4076725,surface_sigma/NORMAL_LOCK/DOWN,surface_sigma,DOWN,BOTTOM,20,-20.0,OUT,0.0,0.0,"[[-317.48094259240384, -77.51781365480124], [956.4815702550666, -77.51781365480124]]",surface_sigma/NORMAL_LOCK/DOWN/down_0020_rgb.png
4076726,surface_sigma/NORMAL_LOCK/DOWN,surface_sigma,DOWN,BOTTOM,21,-21.0,OUT,0.0,0.0,"[[-317.48094259240384, -118.65231391763504], [956.4815702550666, -118.65231391763504]]",surface_sigma/NORMAL_LOCK/DOWN/down_0021_rgb.png
4076178,surface_sigma/NORMAL_LOCK/LEFT,surface_sigma,LEFT,LEFT,0,-0.0,UNKNOWN,0.0,0.0,"[[-317.48094259240384, -266.17218748283744], [-317.48094259240384, 745.1721916018736]]",surface_sigma/NORMAL_LOCK/LEFT/left_0000_rgb.png
4076179,surface_sigma/NORMAL_LOCK/LEFT,surface_sigma,LEFT,LEFT,1,-1.0,UNKNOWN,0.0,0.0,"[[-276.3464423295701, -266.17218748283744], [-276.3464423295701, 745.1721916018736]]",surface_sigma/NORMAL_LOCK/LEFT/left_0001_rgb.png
4076180,surface_sigma/NORMAL_LOCK/LEFT,surface_sigma,LEFT,LEFT,2,-2.0,UNKNOWN,0.0,0.0,"[[-235.21194206673636, -266.17218748283744], [-235.21194206673636, 745.1721916018736]]",surface_sigma/NORMAL_LOCK/LEFT/left_0002_rgb.png
4076181,surface_sigma/NORMAL_LOCK/LEFT,surface_sigma,LEFT,LEFT,3,-3.0,UNKNOWN,0.0,0.0,"[[-194.07744180390262, -266.17218748283744], [-194.07744180390262, 745.1721916018736]]",surface_sigma/NORMAL_LOCK/LEFT/left_0003_rgb.png
4076182,surface_sigma/NORMAL_LOCK/LEFT,surface_sigma,LEFT,LEFT,4,-4.0,UNKNOWN,0.0,0.0,"[[-152.94294154106882, -266.17218748283744], [-152.94294154106882, 745.1721916018736]]",surface_sigma/NORMAL_LOCK/LEFT/left_0004_rgb.png
4076183,surface_sigma/NORMAL_LOCK/LEFT,surface_sigma,LEFT,LEFT,5,-5.0,UNKNOWN,0.0,0.0,"[[-111.80844127823507, -266.17218748283744], [-111.80844127823507, 745.1721916018736]]",surface_sigma/NORMAL_LOCK/LEFT/left_0005_rgb.png
4076184,surface_sigma/NORMAL_LOCK/LEFT,surface_sigma,LEFT,LEFT,6,-6.0,UNKNOWN,0.0,0.0,"[[-70.67394101540133, -266.17218748283744], [-70.67394101540133, 745.1721916018736]]",surface_sigma/NORMAL_LOCK/LEFT/left_0006_rgb.png
4076185,surface_sigma/NORMAL_LOCK/LEFT,surface_sigma,LEFT,LEFT,7,-7.0,UNKNOWN,0.0,0.0,"[[-29.53944075256759, -266.17218748283744], [-29.53944075256759, 745.1721916018736]]",surface_sigma/NORMAL_LOCK/LEFT/left_0007_rgb.png
4076186,surface_sigma/NORMAL_LOCK/LEFT,surface_sigma,LEFT,LEFT,8,-8.0,UNKNOWN,0.0,0.0,"[[11.595059510266148, -266.17218748283744], [11.595059510266148, 745.1721916018736]]",surface_sigma/NORMAL_LOCK/LEFT/left_0008_rgb.png
4076187,surface_sigma/NORMAL_LOCK/LEFT,surface_sigma,LEFT,LEFT,9,-9.0,UNKNOWN,0.0,0.0,"[[52.729559773099886, -266.17218748283744], [52.729559773099886, 745.1721916018736]]",surface_sigma/NORMAL_LOCK/LEFT/left_0009_rgb.png
4076188,surface_sigma/NORMAL_LOCK/LEFT,surface_sigma,LEFT,LEFT,10,-10.0,UNKNOWN,0.0,0.0,"[[93.86406003593366, -266.17218748283744], [93.86406003593366, 745.1721916018736]]",surface_sigma/NORMAL_LOCK/LEFT/left_0010_rgb.png
4076189,surface_sigma/NORMAL_LOCK/LEFT,surface_sigma,LEFT,LEFT,11,-11.0,UNKNOWN,0.0,0.0,"[[134.9985602987674, -266.17218748283744], [134.9985602987674, 745.1721916018736]]",surface_sigma/NORMAL_LOCK/LEFT/left_0011_rgb.png
4076190,surface_sigma/NORMAL_LOCK/LEFT,surface_sigma,LEFT,LEFT,12,-12.0,UNKNOWN,0.0,0.0,"[[176.13306056160113, -266.17218748283744], [176.13306056160113, 745.1721916018736]]",surface_sigma/NORMAL_LOCK/LEFT/left_0012_rgb.png
4076191,surface_sigma/NORMAL_LOCK/LEFT,surface_sigma,LEFT,LEFT,13,-13.0,UNKNOWN,0.0,0.0,"[[217.2675608244349, -266.17218748283744], [217.2675608244349, 745.1721916018736]]",surface_sigma/NORMAL_LOCK/LEFT/left_0013_rgb.png
4076192,surface_sigma/NORMAL_LOCK/LEFT,surface_sigma,LEFT,LEFT,14,-14.0,UNKNOWN,0.0,0.0,"[[258.40206108726863, -266.17218748283744], [258.40206108726863, 745.1721916018736]]",surface_sigma/NORMAL_LOCK/LEFT/left_0014_rgb.png
4076193,surface_sigma/NORMAL_LOCK/LEFT,surface_sigma,LEFT,LEFT,15,-15.0,UNKNOWN,0.0,0.0,"[[299.5365613501024, -266.17218748283744], [299.5365613501024, 745.1721916018736]]",surface_sigma/NORMAL_LOCK/LEFT/left_0015_rgb.png
4076194,surface_sigma/NORMAL_LOCK/LEFT,surface_sigma,LEFT,LEFT,16,-16.0,UNKNOWN,0.0,0.0,"[[340.6710616129361, -266.17218748283744], [340.6710616129361, 745.1721916018736]]",surface_sigma/NORMAL_LOCK/LEFT/left_0016_rgb.png
4076195,surface_sigma/NORMAL_LOCK/LEFT,surface_sigma,LEFT,LEFT,17,-17.0,UNKNOWN,0.0,0.0,"[[381.80556187576985, -266.17218748283744], [381.80556187576985, 745.1721916018736]]",surface_sigma/NORMAL_LOCK/LEFT/left_0017_rgb.png
4076196,surface_sigma/NORMAL_LOCK/LEFT,surface_sigma,LEFT,LEFT,18,-18.0,UNKNOWN,0.0,0.0,"[[422.9400621386036, -266.17218748283744], [422.9400621386036, 745.1721916018736]]",surface_sigma/NORMAL_LOCK/LEFT/left_0018_rgb.png
4076197,surface_sigma/NORMAL_LOCK/LEFT,surface_sigma,LEFT,LEFT,19,-19.0,UNKNOWN,0.0,0.0,"[[464.07456240143733, -266.17218748283744], [464.07456240143733, 745.1721916018736]]",surface_sigma/NORMAL_LOCK/LEFT/left_0019_rgb.png
4076198,surface_sigma/NORMAL_LOCK/LEFT,surface_sigma,LEFT,LEFT,20,-20.0,UNKNOWN,0.0,0.0,"[[505.2090626642711, -266.17218748283744], [505.2090626642711, 745.1721916018736]]",surface_sigma/NORMAL_LOCK/LEFT/left_0020_rgb.png
4076199,surface_sigma/NORMAL_LOCK/LEFT,surface_sigma,LEFT,LEFT,21,-21.0,UNKNOWN,0.0,0.0,"[[546.3435629271048, -266.17218748283744], [546.3435629271048, 745.1721916018736]]",surface_sigma/NORMAL_LOCK/LEFT/left_0021_rgb.png
4076200,surface_sigma/NORMAL_LOCK/LEFT,surface_sigma,LEFT,LEFT,22,-22.0,UNKNOWN,0.0,0.0,"[[587.4780631899386, -266.17218748283744], [587.4780631899386, 745.1721916018736]]",surface_sigma/NORMAL_LOCK/LEFT/left_0022_rgb.png
4076201,surface_sigma/NORMAL_LOCK/LEFT,surface_sigma,LEFT,LEFT,23,-23.0,UNKNOWN,0.0,0.0,"[[628.6125634527723, -266.17218748283744], [628.6125634527723, 745.1721916018736]]",surface_sigma/NORMAL_LOCK/LEFT/left_0023_rgb.png
4076202,surface_sigma/NORMAL_LOCK/LEFT,surface_sigma,LEFT,LEFT,24,-24.0,OUT,0.0,0.0,"[[669.747063715606, -266.17218748283744], [669.747063715606, 745.1721916018736]]",surface_sigma/NORMAL_LOCK/LEFT/left_0024_rgb.png
4076203,surface_sigma/NORMAL_LOCK/LEFT,surface_sigma,LEFT,LEFT,25,-25.0,OUT,0.0,0.0,"[[710.8812501471084, -266.17218748283744], [710.8812501471084, 745.1721916018736]]",surface_sigma/NORMAL_LOCK/LEFT/left_0025_rgb.png
4076204,surface_sigma/NORMAL_LOCK/LEFT,surface_sigma,LEFT,LEFT,26,-26.0,OUT,0.0,0.0,"[[752.0157504099421, -266.17218748283744], [752.0157504099421, 745.1721916018736]]",surface_sigma/NORMAL_LOCK/LEFT/left_0026_rgb.png
4076359,surface_sigma/NORMAL_LOCK/RIGHT,surface_sigma,RIGHT,RIGHT,0,0.0,UNKNOWN,0.0,0.0,"[[956.4815702550666, -266.17218748283744], [956.4815702550666, 745.1721916018736]]",surface_sigma/NORMAL_LOCK/RIGHT/right_0000_rgb.png
4076360,surface_sigma/NORMAL_LOCK/RIGHT,surface_sigma,RIGHT,RIGHT,1,1.0,UNKNOWN,0.0,0.0,"[[915.3470699922328, -266.17218748283744], [915.3470699922328, 745.1721916018736]]",surface_sigma/NORMAL_LOCK/RIGHT/right_0001_rgb.png
4076361,surface_sigma/NORMAL_LOCK/RIGHT,surface_sigma,RIGHT,RIGHT,2,2.0,UNKNOWN,0.0,0.0,"[[874.2125697293991, -266.17218748283744], [874.2125697293991, 745.1721916018736]]",surface_sigma/NORMAL_LOCK/RIGHT/right_0002_rgb.png
4076362,surface_sigma/NORMAL_LOCK/RIGHT,surface_sigma,RIGHT,RIGHT,3,3.0,UNKNOWN,0.0,0.0,"[[833.0780694665654, -266.17218748283744], [833.0780694665654, 745.1721916018736]]",surface_sigma/NORMAL_LOCK/RIGHT/right_0003_rgb.png
4076363,surface_sigma/NORMAL_LOCK/RIGHT,surface_sigma,RIGHT,RIGHT,4,4.0,UNKNOWN,0.0,0.0,"[[791.9435692037315, -266.17218748283744], [791.9435692037315, 745.1721916018736]]",surface_sigma/NORMAL_LOCK/RIGHT/right_0004_rgb.png
4076364,surface_sigma/NORMAL_LOCK/RIGHT,surface_sigma,RIGHT,RIGHT,5,5.0,UNKNOWN,0.0,0.0,"[[750.8090689408978, -266.17218748283744], [750.8090689408978, 745.1721916018736]]",surface_sigma/NORMAL_LOCK/RIGHT/right_0005_rgb.png
4076365,surface_sigma/NORMAL_LOCK/RIGHT,surface_sigma,RIGHT,RIGHT,6,6.0,UNKNOWN,0.0,0.0,"[[709.674568678064, -266.17218748283744], [709.674568678064, 745.1721916018736]]",surface_sigma/NORMAL_LOCK/RIGHT/right_0006_rgb.png
4076366,surface_sigma/NORMAL_LOCK/RIGHT,surface_sigma,RIGHT,RIGHT,7,7.0,UNKNOWN,0.0,0.0,"[[668.5400684152303, -266.17218748283744], [668.5400684152303, 745.1721916018736]]",surface_sigma/NORMAL_LOCK/RIGHT/right_0007_rgb.png
4076367,surface_sigma/NORMAL_LOCK/RIGHT,surface_sigma,RIGHT,RIGHT,8,8.0,UNKNOWN,0.0,0.0,"[[627.4055681523965, -266.17218748283744], [627.4055681523965, 745.1721916018736]]",surface_sigma/NORMAL_LOCK/RIGHT/right_0008_rgb.png
4076368,surface_sigma/NORMAL_LOCK/RIGHT,surface_sigma,RIGHT,RIGHT,9,9.0,UNKNOWN,0.0,0.0,"[[586.2710678895628, -266.17218748283744], [586.2710678895628, 745.1721916018736]]",surface_sigma/NORMAL_LOCK/RIGHT/right_0009_rgb.png
4076369,surface_sigma/NORMAL_LOCK/RIGHT,surface_sigma,RIGHT,RIGHT,10,10.0,UNKNOWN,0.0,0.0,"[[545.1365676267291, -266.17218748283744], [545.1365676267291, 745.1721916018736]]",surface_sigma/NORMAL_LOCK/RIGHT/right_0010_rgb.png
4076370,surface_sigma/NORMAL_LOCK/RIGHT,surface_sigma,RIGHT,RIGHT,11,11.0,UNKNOWN,0.0,0.0,"[[504.00206736389526, -266.17218748283744], [504.00206736389526, 745.1721916018736]]",surface_sigma/NORMAL_LOCK/RIGHT/right_0011_rgb.png
4076371,surface_sigma/NORMAL_LOCK/RIGHT,surface_sigma,RIGHT,RIGHT,12,12.0,UNKNOWN,0.0,0.0,"[[462.8675671010615, -266.17218748283744], [462.8675671010615, 745.1721916018736]]",surface_sigma/NORMAL_LOCK/RIGHT/right_0012_rgb.png
4076372,surface_sigma/NORMAL_LOCK/RIGHT,surface_sigma,RIGHT,RIGHT,13,13.0,UNKNOWN,0.0,0.0,"[[421.7330668382278, -266.17218748283744], [421.7330668382278, 745.1721916018736]]",surface_sigma/NORMAL_LOCK/RIGHT/right_0013_rgb.png
4076373,surface_sigma/NORMAL_LOCK/RIGHT,surface_sigma,RIGHT,RIGHT,14,14.0,UNKNOWN,0.0,0.0,"[[380.59856657539405, -266.17218748283744], [380.59856657539405, 745.1721916018736]]",surface_sigma/NORMAL_LOCK/RIGHT/right_0014_rgb.png
4076374,surface_sigma/NORMAL_LOCK/RIGHT,surface_sigma,RIGHT,RIGHT,15,15.0,UNKNOWN,0.0,0.0,"[[339.4640663125603, -266.17218748283744], [339.4640663125603, 745.1721916018736]]",surface_sigma/NORMAL_LOCK/RIGHT/right_0015_rgb.png
4076375,surface_sigma/NORMAL_LOCK/RIGHT,surface_sigma,RIGHT,RIGHT,16,16.0,UNKNOWN,0.0,0.0,"[[298.32956604972657, -266.17218748283744], [298.32956604972657, 745.1721916018736]]",surface_sigma/NORMAL_LOCK/RIGHT/right_0016_rgb.png
4076376,surface_sigma/NORMAL_LOCK/RIGHT,surface_sigma,RIGHT,RIGHT,17,17.0,UNKNOWN,0.0,0.0,"[[257.1950657868928, -266.17218748283744], [257.1950657868928, 745.1721916018736]]",surface_sigma/NORMAL_LOCK/RIGHT/right_0017_rgb.png
4076377,surface_sigma/NORMAL_LOCK/RIGHT,surface_sigma,RIGHT,RIGHT,18,18.0,UNKNOWN,0.0,0.0,"[[216.0605655240591, -266.17218748283744], [216.0605655240591, 745.1721916018736]]",surface_sigma/NORMAL_LOCK/RIGHT/right_0018_rgb.png
4076378,surface_sigma/NORMAL_LOCK/RIGHT,surface_sigma,RIGHT,RIGHT,19,19.0,UNKNOWN,0.0,0.0,"[[174.92606526122532, -266.17218748283744], [174.92606526122532, 745.1721916018736]]",surface_sigma/NORMAL_LOCK/RIGHT/right_0019_rgb.png
4076379,surface_sigma/NORMAL_LOCK/RIGHT,surface_sigma,RIGHT,RIGHT,20,20.0,UNKNOWN,0.0,0.0,"[[133.79156499839158, -266.17218748283744], [133.79156499839158, 745.1721916018736]]",surface_sigma/NORMAL_LOCK/RIGHT/right_0020_rgb.png
4076380,surface_sigma/NORMAL_LOCK/RIGHT,surface_sigma,RIGHT,RIGHT,21,21.0,UNKNOWN,0.0,0.0,"[[92.65706473555784, -266.17218748283744], [92.65706473555784, 745.1721916018736]]",surface_sigma/NORMAL_LOCK/RIGHT/right_0021_rgb.png
4076381,surface_sigma/NORMAL_LOCK/RIGHT,surface_sigma,RIGHT,RIGHT,22,22.0,UNKNOWN,0.0,0.0,"[[51.52256447272408, -266.17218748283744], [51.52256447272408, 745.1721916018736]]",surface_sigma/NORMAL_LOCK/RIGHT/right_0022_rgb.png
4076382,surface_sigma/NORMAL_LOCK/RIGHT,surface_sigma,RIGHT,RIGHT,23,23.0,UNKNOWN,0.0,0.0,"[[10.388064209890336, -266.17218748283744], [10.388064209890336, 745.1721916018736]]",surface_sigma/NORMAL_LOCK/RIGHT/right_0023_rgb.png
4076383,surface_sigma/NORMAL_LOCK/RIGHT,surface_sigma,RIGHT,RIGHT,24,24.0,OUT,0.0,0.0,"[[-30.746436052943405, -266.17218748283744], [-30.746436052943405, 745.1721916018736]]",surface_sigma/NORMAL_LOCK/RIGHT/right_0024_rgb.png
4076384,surface_sigma/NORMAL_LOCK/RIGHT,surface_sigma,RIGHT,RIGHT,25,25.0,OUT,0.0,0.0,"[[-71.88093631577715, -266.17218748283744], [-71.88093631577715, 745.1721916018736]]",surface_sigma/NORMAL_LOCK/RIGHT/right_0025_rgb.png
4076385,surface_sigma/NORMAL_LOCK/RIGHT,surface_sigma,RIGHT,RIGHT,26,26.0,OUT,0.0,0.0,"[[-113.01543657861089, -266.17218748283744], [-113.01543657861089, 745.1721916018736]]",surface_sigma/NORMAL_LOCK/RIGHT/right_0026_rgb.png
4076548,surface_sigma/NORMAL_LOCK/UP,surface_sigma,UP,TOP,0,0.0,UNKNOWN,0.0,0.0,"[[-317.48094259240384, -266.17218748283744], [956.4815702550666, -266.17218748283744]]",surface_sigma/NORMAL_LOCK/UP/up_0000_rgb.png
4076549,surface_sigma/NORMAL_LOCK/UP,surface_sigma,UP,TOP,1,1.0,UNKNOWN,0.0,0.0,"[[-317.48094259240384, -225.03768722000368], [956.4815702550666, -225.03768722000368]]",surface_sigma/NORMAL_LOCK/UP/up_0001_rgb.png
4076550,surface_sigma/NORMAL_LOCK/UP,surface_sigma,UP,TOP,2,2.0,UNKNOWN,0.0,0.0,"[[-317.48094259240384, -183.90318695716994], [956.4815702550666, -183.90318695716994]]",surface_sigma/NORMAL_LOCK/UP/up_0002_rgb.png
4076551,surface_sigma/NORMAL_LOCK/UP,surface_sigma,UP,TOP,3,3.0,UNKNOWN,0.0,0.0,"[[-317.48094259240384, -142.7686866943362], [956.4815702550666, -142.7686866943362]]",surface_sigma/NORMAL_LOCK/UP/up_0003_rgb.png
4076552,surface_sigma/NORMAL_LOCK/UP,surface_sigma,UP,TOP,4,4.0,UNKNOWN,0.0,0.0,"[[-317.48094259240384, -101.63418643150244], [956.4815702550666, -101.63418643150244]]",surface_sigma/NORMAL_LOCK/UP/up_0004_rgb.png
4076553,surface_sigma/NORMAL_LOCK/UP,surface_sigma,UP,TOP,5,5.0,UNKNOWN,0.0,0.0,"[[-317.48094259240384, -60.49968616866871], [956.4815702550666, -60.49968616866871]]",surface_sigma/NORMAL_LOCK/UP/up_0005_rgb.png
4076554,surface_sigma/NORMAL_LOCK/UP,surface_sigma,UP,TOP,6,6.0,UNKNOWN,0.0,0.0,"[[-317.48094259240384, -19.365185905834966], [956.4815702550666, -19.365185905834966]]",surface_sigma/NORMAL_LOCK/UP/up_0006_rgb.png
4076555,surface_sigma/NORMAL_LOCK/UP,surface_sigma,UP,TOP,7,7.0,UNKNOWN,0.0,0.0,"[[-317.48094259240384, 21.7693143569988], [956.4815702550666, 21.7693143569988]]",surface_sigma/NORMAL_LOCK/UP/up_0007_rgb.png
4076556,surface_sigma/NORMAL_LOCK/UP,surface_sigma,UP,TOP,8,8.0,UNKNOWN,0.0,0.0,"[[-317.48094259240384, 62.903814619832545], [956.4815702550666, 62.903814619832545]]",surface_sigma/NORMAL_LOCK/UP/up_0008_rgb.png
4076557,surface_sigma/NORMAL_LOCK/UP,surface_sigma,UP,TOP,9,9.0,UNKNOWN,0.0,0.0,"[[-317.48094259240384, 104.03831488266628], [956.4815702550666, 104.03831488266628]]",surface_sigma/NORMAL_LOCK/UP/up_0009_rgb.png
4076558,surface_sigma/NORMAL_LOCK/UP,surface_sigma,UP,TOP,10,10.0,UNKNOWN,0.0,0.0,"[[-317.48094259240384, 145.17281514550004], [956.4815702550666, 145.17281514550004]]",surface_sigma/NORMAL_LOCK/UP/up_0010_rgb.png
4076559,surface_sigma/NORMAL_LOCK/UP,surface_sigma,UP,TOP,11,11.0,UNKNOWN,0.0,0.0,"[[-317.48094259240384, 186.30731540833378], [956.4815702550666, 186.30731540833378]]",surface_sigma/NORMAL_LOCK/UP/up_0011_rgb.png
4076560,surface_sigma/NORMAL_LOCK/UP,surface_sigma,UP,TOP,12,12.0,UNKNOWN,0.0,0.0,"[[-317.48094259240384, 227.44181567116752], [956.4815702550666, 227.44181567116752]]",surface_sigma/NORMAL_LOCK/UP/up_0012_rgb.png
4076561,surface_sigma/NORMAL_LOCK/UP,surface_sigma,UP,TOP,13,13.0,UNKNOWN,0.0,0.0,"[[-317.48094259240384, 268.5763159340013], [956.4815702550666, 268.5763159340013]]",surface_sigma/NORMAL_LOCK/UP/up_0013_rgb.png
4076562,surface_sigma/NORMAL_LOCK/UP,surface_sigma,UP,TOP,14,14.0,UNKNOWN,0.0,0.0,"[[-317.48094259240384, 309.710816196835], [956.4815702550666, 309.710816196835]]",surface_sigma/NORMAL_LOCK/UP/up_0014_rgb.png
4076563,surface_sigma/NORMAL_LOCK/UP,surface_sigma,UP,TOP,15,15.0,UNKNOWN,0.0,0.0,"[[-317.48094259240384, 350.84531645966877], [956.4815702550666, 350.84531645966877]]",surface_sigma/NORMAL_LOCK/UP/up_0015_rgb.png
4076564,surface_sigma/NORMAL_LOCK/UP,surface_sigma,UP,TOP,16,16.0,UNKNOWN,0.0,0.0,"[[-317.48094259240384, 391.9798167225025], [956.4815702550666, 391.9798167225025]]",surface_sigma/NORMAL_LOCK/UP/up_0016_rgb.png
4076565,surface_sigma/NORMAL_LOCK/UP,surface_sigma,UP,TOP,17,17.0,UNKNOWN,0.0,0.0,"[[-317.48094259240384, 433.11431698533625], [956.4815702550666, 433.11431698533625]]",surface_sigma/NORMAL_LOCK/UP/up_0017_rgb.png
4076566,surface_sigma/NORMAL_LOCK/UP,surface_sigma,UP,TOP,18,18.0,UNKNOWN,0.0,0.0,"[[-317.48094259240384, 474.24881724817], [956.4815702550666, 474.24881724817]]",surface_sigma/NORMAL_LOCK/UP/up_0018_rgb.png
4076567,surface_sigma/NORMAL_LOCK/UP,surface_sigma,UP,TOP,19,19.0,OUT,0.0,0.0,"[[-317.48094259240384, 515.3833175110037], [956.4815702550666, 515.3833175110037]]",surface_sigma/NORMAL_LOCK/UP/up_0019_rgb.png
4076568,surface_sigma/NORMAL_LOCK/UP,surface_sigma,UP,TOP,20,20.0,OUT,0.0,0.0,"[[-317.48094259240384, 556.5178177738375], [956.4815702550666, 556.5178177738375]]",surface_sigma/NORMAL_LOCK/UP/up_0020_rgb.png
4076569,surface_sigma/NORMAL_LOCK/UP,surface_sigma,UP,TOP,21,21.0,OUT,0.0,0.0,"[[-317.48094259240384, 597.6523180366712], [956.4815702550666, 597.6523180366712]]",surface_sigma/NORMAL_LOCK/UP/up_0021_rgb.png
