frame_id,sequence_id,surface_id,direction,step_index,rgb_path,operator_state,operator_boundary_pixel,operator_notes
4076003,surface_omega/NORMAL_LOCK/DOWN,surface_omega,DOWN,0,surface_omega/NORMAL_LOCK/DOWN/down_0000_rgb.png,,,
4076004,surface_omega/NORMAL_LOCK/DOWN,surface_omega,DOWN,1,surface_omega/NORMAL_LOCK/DOWN/down_0001_rgb.png,,,
4076005,surface_omega/NORMAL_LOCK/DOWN,surface_omega,DOWN,2,surface_omega/NORMAL_LOCK/DOWN/down_0002_rgb.png,,,
4076006,surface_omega/NORMAL_LOCK/DOWN,surface_omega,DOWN,3,surface_omega/NORMAL_LOCK/DOWN/down_0003_rgb.png,,,
4076007,surface_omega/NORMAL_LOCK/DOWN,surface_omega,DOWN,4,surface_omega/NORMAL_LOCK/DOWN/down_0004_rgb.png,,,
4076008,surface_omega/NORMAL_LOCK/DOWN,surface_omega,DOWN,5,surface_omega/NORMAL_LOCK/DOWN/down_0005_rgb.png,,,
4076009,surface_omega/NORMAL_LOCK/DOWN,surface_omega,DOWN,6,surface_omega/NORMAL_LOCK/DOWN/down_0006_rgb.png,,,
4076010,surface_omega/NORMAL_LOCK/DOWN,surface_omega,DOWN,7,surface_omega/NORMAL_LOCK/DOWN/down_0007_rgb.png,,,
4076011,surface_omega/NORMAL_LOCK/DOWN,surface_omega,DOWN,8,surface_omega/NORMAL_LOCK/DOWN/down_0008_rgb.png,,,
4076012,surface_omega/NORMAL_LOCK/DOWN,surface_omega,DOWN,9,surface_omega/NORMAL_LOCK/DOWN/down_0009_rgb.png,,,
4076013,surface_omega/NORMAL_LOCK/DOWN,surface_omega,DOWN,10,surface_omega/NORMAL_LOCK/DOWN/down_0010_rgb.png,,,
4076014,surface_omega/NORMAL_LOCK/DOWN,surface_omega,DOWN,11,surface_omega/NORMAL_LOCK/DOWN/down_0011_rgb.png,,,
4076015,surface_omega/NORMAL_LOCK/DOWN,surface_omega,DOWN,12,surface_omega/NORMAL_LOCK/DOWN/down_0012_rgb.png,,,
4076016,surface_omega/NORMAL_LOCK/DOWN,surface_omega,DOWN,13,surface_omega/NORMAL_LOCK/DOWN/down_0013_rgb.png,,,
4076017,surface_omega/NORMAL_LOCK/DOWN,surface_omega,DOWN,14,surface_omega/NORMAL_LOCK/DOWN/down_0014_rgb.png,,,
4076018,surface_omega/NORMAL_LOCK/DOWN,surface_omega,DOWN,15,surface_omega/NORMAL_LOCK/DOWN/down_0015_rgb.png,,,
4076019,surface_omega/NORMAL_LOCK/DOWN,surface_omega,DOWN,16,surface_omega/NORMAL_LOCK/DOWN/down_0016_rgb.png,,,
4076020,surface_omega/NORMAL_LOCK/DOWN,surface_omega,DOWN,17,surface_omega/NORMAL_LOCK/DOWN/down_0017_rgb.png,,,
4075194,surface_omega/NORMAL_LOCK/LEFT,surface_omega,LEFT,0,surface_omega/NORMAL_LOCK/LEFT/left_0000_rgb.png,,,
4075195,surface_omega/NORMAL_LOCK/LEFT,surface_omega,LEFT,1,surface_omega/NORMAL_LOCK/LEFT/left_0001_rgb.png,,,
4075196,surface_omega/NORMAL_LOCK/LEFT,surface_omega,LEFT,2,surface_omega/NORMAL_LOCK/LEFT/left_0002_rgb.png,,,
4075197,surface_omega/NORMAL_LOCK/LEFT,surface_omega,LEFT,3,surface_omega/NORMAL_LOCK/LEFT/left_0003_rgb.png,,,
4075198,surface_omega/NORMAL_LOCK/LEFT,surface_omega,LEFT,4,surface_omega/NORMAL_LOCK/LEFT/left_0004_rgb.png,,,
4075199,surface_omega/NORMAL_LOCK/LEFT,surface_omega,LEFT,5,surface_omega/NORMAL_LOCK/LEFT/left_0005_rgb.png,,,
4075200,surface_omega/NORMAL_LOCK/LEFT,surface_omega,LEFT,6,surface_omega/NORMAL_LOCK/LEFT/left_0006_rgb.png,,,
4075201,surface_omega/NORMAL_LOCK/LEFT,surface_omega,LEFT,7,surface_omega/NORMAL_LOCK/LEFT/left_0007_rgb.png,,,
4075202,surface_omega/NORMAL_LOCK/LEFT,surface_omega,LEFT,8,surface_omega/NORMAL_LOCK/LEFT/left_0008_rgb.png,,,
4075203,surface_omega/NORMAL_LOCK/LEFT,surface_omega,LEFT,9,surface_omega/NORMAL_LOCK/LEFT/left_0009_rgb.png,,,
4075204,surface_omega/NORMAL_LOCK/LEFT,surface_omega,LEFT,10,surface_omega/NORMAL_LOCK/LEFT/left_0010_rgb.png,,,
4075205,surface_omega/NORMAL_LOCK/LEFT,surface_omega,LEFT,11,surface_omega/NORMAL_LOCK/LEFT/left_0011_rgb.png,,,
4075206,surface_omega/NORMAL_LOCK/LEFT,surface_omega,LEFT,12,surface_omega/NORMAL_LOCK/LEFT/left_0012_rgb.png,,,
4075207,surface_omega/NORMAL_LOCK/LEFT,surface_omega,LEFT,13,surface_omega/NORMAL_LOCK/LEFT/left_0013_rgb.png,,,
4075208,surface_omega/NORMAL_LOCK/LEFT,surface_omega,LEFT,14,surface_omega/NORMAL_LOCK/LEFT/left_0014_rgb.png,,,
4075209,surface_omega/NORMAL_LOCK/LEFT,surface_omega,LEFT,15,surface_omega/NORMAL_LOCK/LEFT/left_0015_rgb.png,,,
4075210,surface_omega/NORMAL_LOCK/LEFT,surface_omega,LEFT,16,surface_omega/NORMAL_LOCK/LEFT/left_0016_rgb.png,,,
4075211,surface_omega/NORMAL_LOCK/LEFT,surface_omega,LEFT,17,surface_omega/NORMAL_LOCK/LEFT/left_0017_rgb.png,,,
4075212,surface_omega/NORMAL_LOCK/LEFT,surface_omega,LEFT,18,surface_omega/NORMAL_LOCK/LEFT/left_0018_rgb.png,,,
4075213,surface_omega/NORMAL_LOCK/LEFT,surface_omega,LEFT,19,surface_omega/NORMAL_LOCK/LEFT/left_0019_rgb.png,,,
4075214,surface_omega/NORMAL_LOCK/LEFT,surface_omega,LEFT,20,surface_omega/NORMAL_LOCK/LEFT/left_0020_rgb.png,,,
4075215,surface_omega/NORMAL_LOCK/LEFT,surface_omega,LEFT,21,surface_omega/NORMAL_LOCK/LEFT/left_0021_rgb.png,,,
4075216,surface_omega/NORMAL_LOCK/LEFT,surface_omega,LEFT,22,surface_omega/NORMAL_LOCK/LEFT/left_0022_rgb.png,,,
4075217,surface_omega/NORMAL_LOCK/LEFT,surface_omega,LEFT,23,surface_omega/NORMAL_LOCK/LEFT/left_0023_rgb.png,,,
4075218,surface_omega/NORMAL_LOCK/LEFT,surface_omega,LEFT,24,surface_omega/NORMAL_LOCK/LEFT/left_0024_rgb.png,,,
4075219,surface_omega/NORMAL_LOCK/LEFT,surface_omega,LEFT,25,surface_omega/NORMAL_LOCK/LEFT/left_0025_rgb.png,,,
4075220,surface_omega/NORMAL_LOCK/LEFT,surface_omega,LEFT,26,surface_omega/NORMAL_LOCK/LEFT/left_0026_rgb.png,,,
4075221,surface_omega/NORMAL_LOCK/LEFT,surface_omega,LEFT,27,surface_omega/NORMAL_LOCK/LEFT/left_0027_rgb.png,,,
4075508,surface_omega/NORMAL_LOCK/RIGHT,surface_omega,RIGHT,0,surface_omega/NORMAL_LOCK/RIGHT/right_0000_rgb.png,,,
4075509,surface_omega/NORMAL_LOCK/RIGHT,surface_omega,RIGHT,1,surface_omega/NORMAL_LOCK/RIGHT/right_0001_rgb.png,,,
4075510,surface_omega/NORMAL_LOCK/RIGHT,surface_omega,RIGHT,2,surface_omega/NORMAL_LOCK/RIGHT/right_0002_rgb.png,,,
4075511,surface_omega/NORMAL_LOCK/RIGHT,surface_omega,RIGHT,3,surface_omega/NORMAL_LOCK/RIGHT/right_0003_rgb.png,,,
4075512,surface_omega/NORMAL_LOCK/RIGHT,surface_omega,RIGHT,4,surface_omega/NORMAL_LOCK/RIGHT/right_0004_rgb.png,,,
4075513,surface_omega/NORMAL_LOCK/RIGHT,surface_omega,RIGHT,5,surface_omega/NORMAL_LOCK/RIGHT/right_0005_rgb.png,,,
4075514,surface_omega/NORMAL_LOCK/RIGHT,surface_omega,RIGHT,6,surface_omega/NORMAL_LOCK/RIGHT/right_0006_rgb.png,,,
4075515,surface_omega/NORMAL_LOCK/RIGHT,surface_omega,RIGHT,7,surface_omega/NORMAL_LOCK/RIGHT/right_0007_rgb.png,,,
4075516,surface_omega/NORMAL_LOCK/RIGHT,surface_omega,RIGHT,8,surface_omega/NORMAL_LOCK/RIGHT/right_0008_rgb.png,,,
4075517,surface_omega/NORMAL_LOCK/RIGHT,surface_omega,RIGHT,9,surface_omega/NORMAL_LOCK/RIGHT/right_0009_rgb.png,,,
4075518,surface_omega/NORMAL_LOCK/RIGHT,surface_omega,RIGHT,10,surface_omega/NORMAL_LOCK/RIGHT/right_0010_rgb.png,,,
4075519,surface_omega/NORMAL_LOCK/RIGHT,surface_omega,RIGHT,11,surface_omega/NORMAL_LOCK/RIGHT/right_0011_rgb.png,,,
4075520,surface_omega/NORMAL_LOCK/RIGHT,surface_omega,RIGHT,12,surface_omega/NORMAL_LOCK/RIGHT/right_0012_rgb.png,,,
4075521,surface_omega/NORMAL_LOCK/RIGHT,surface_omega,RIGHT,13,surface_omega/NORMAL_LOCK/RIGHT/right_0013_rgb.png,,,
4075522,surface_omega/NORMAL_LOCK/RIGHT,surface_omega,RIGHT,14,surface_omega/NORMAL_LOCK/RIGHT/right_0014_rgb.png,,,
4075523,surface_omega/NORMAL_LOCK/RIGHT,surface_omega,RIGHT,15,surface_omega/NORMAL_LOCK/RIGHT/right_0015_rgb.png,,,
4075524,surface_omega/NORMAL_LOCK/RIGHT,surface_omega,RIGHT,16,surface_omega/NORMAL_LOCK/RIGHT/right_0016_rgb.png,,,
4075525,surface_omega/NORMAL_LOCK/RIGHT,surface_omega,RIGHT,17,surface_omega/NORMAL_LOCK/RIGHT/right_0017_rgb.png,,,
4075526,surface_omega/NORMAL_LOCK/RIGHT,surface_omega,RIGHT,18,surface_omega/NORMAL_LOCK/RIGHT/right_0018_rgb.png,,,
4075527,surface_omega/NORMAL_LOCK/RIGHT,surface_omega,RIGHT,19,surface_omega/NORMAL_LOCK/RIGHT/right_0019_rgb.png,,,
4075528,surface_omega/NORMAL_LOCK/RIGHT,surface_omega,RIGHT,20,surface_omega/NORMAL_LOCK/RIGHT/right_0020_rgb.png,,,
4075529,surface_omega/NORMAL_LOCK/RIGHT,surface_omega,RIGHT,21,surface_omega/NORMAL_LOCK/RIGHT/right_0021_rgb.png,,,
4075530,surface_omega/NORMAL_LOCK/RIGHT,surface_omega,RIGHT,22,surface_omega/NORMAL_LOCK/RIGHT/right_0022_rgb.png,,,
4075531,surface_omega/NORMAL_LOCK/RIGHT,surface_omega,RIGHT,23,surface_omega/NORMAL_LOCK/RIGHT/right_0023_rgb.png,,,
4075532,surface_omega/NORMAL_LOCK/RIGHT,surface_omega,RIGHT,24,surface_omega/NORMAL_LOCK/RIGHT/right_0024_rgb.png,,,
4075533,surface_omega/NORMAL_LOCK/RIGHT,surface_omega,RIGHT,25,surface_omega/NORMAL_LOCK/RIGHT/right_0025_rgb.png,,,
4075534,surface_omega/NORMAL_LOCK/RIGHT,surface_omega,RIGHT,26,surface_omega/NORMAL_LOCK/RIGHT/right_0026_rgb.png,,,
4075535,surface_omega/NORMAL_LOCK/RIGHT,surface_omega,RIGHT,27,surface_omega/NORMAL_LOCK/RIGHT/right_0027_rgb.png,,,
4075826,surface_omega/NORMAL_LOCK/UP,surface_omega,UP,0,surface_omega/NORMAL_LOCK/UP/up_0000_rgb.png,,,
4075827,surface_omega/NORMAL_LOCK/UP,surface_omega,UP,1,surface_omega/NORMAL_LOCK/UP/up_0001_rgb.png,,,
4075828,surface_omega/NORMAL_LOCK/UP,surface_omega,UP,2,surface_omega/NORMAL_LOCK/UP/up_0002_rgb.png,,,
4075829,surface_omega/NORMAL_LOCK/UP,surface_omega,UP,3,surface_omega/NORMAL_LOCK/UP/up_0003_rgb.png,,,
4075830,surface_omega/NORMAL_LOCK/UP,surface_omega,UP,4,surface_omega/NORMAL_LOCK/UP/up_0004_rgb.png,,,
4075831,surface_omega/NORMAL_LOCK/UP,surface_omega,UP,5,surface_omega/NORMAL_LOCK/UP/up_0005_rgb.png,,,
4075832,surface_omega/NORMAL_LOCK/UP,surface_omega,UP,6,surface_omega/NORMAL_LOCK/UP/up_0006_rgb.png,,,
4075833,surface_omega/NORMAL_LOCK/UP,surface_omega,UP,7,surface_omega/NORMAL_LOCK/UP/up_0007_rgb.png,,,
4075834,surface_omega/NORMAL_LOCK/UP,surface_omega,UP,8,surface_omega/NORMAL_LOCK/UP/up_0008_rgb.png,,,
4075835,surface_omega/NORMAL_LOCK/UP,surface_omega,UP,9,surface_omega/NORMAL_LOCK/UP/up_0009_rgb.png,,,
4075836,surface_omega/NORMAL_LOCK/UP,surface_omega,UP,10,surface_omega/NORMAL_LOCK/UP/up_0010_rgb.png,,,
4075837,surface_omega/NORMAL_LOCK/UP,surface_omega,UP,11,surface_omega/NORMAL_LOCK/UP/up_0011_rgb.png,,,
4075838,surface_omega/NORMAL_LOCK/UP,surface_omega,UP,12,surface_omega/NORMAL_LOCK/UP/up_0012_rgb.png,,,
4075839,surface_omega/NORMAL_LOCK/UP,surface_omega,UP,13,surface_omega/NORMAL_LOCK/UP/up_0013_rgb.png,,,
4075840,surface_omega/NORMAL_LOCK/UP,surface_omega,UP,14,surface_omega/NORMAL_LOCK/UP/up_0014_rgb.png,,,
4075841,surface_omega/NORMAL_LOCK/UP,surface_omega,UP,15,surface_omega/NORMAL_LOCK/UP/up_0015_rgb.png,,,
4075842,surface_omega/NORMAL_LOCK/UP,surface_omega,UP,16,surface_omega/NORMAL_LOCK/UP/up_0016_rgb.png,,,
4075843,surface_omega/NORMAL_LOCK/UP,surface_omega,UP,17,surface_omega/NORMAL_LOCK/UP/up_0017_rgb.png,,,
4076705,surface_sigma/NORMAL_LOCK/DOWN,surface_sigma,DOWN,0,surface_sigma/NORMAL_LOCK/DOWN/down_0000_rgb.png,,,
4076706,surface_sigma/NORMAL_LOCK/DOWN,surface_sigma,DOWN,1,surface_sigma/NORMAL_LOCK/DOWN/down_0001_rgb.png,,,
4076707,surface_sigma/NORMAL_LOCK/DOWN,surface_sigma,DOWN,2,surface_sigma/NORMAL_LOCK/DOWN/down_0002_rgb.png,,,
4076708,surface_sigma/NORMAL_LOCK/DOWN,surface_sigma,DOWN,3,surface_sigma/NORMAL_LOCK/DOWN/down_0003_rgb.png,,,
4076709,surface_sigma/NORMAL_LOCK/DOWN,surface_sigma,DOWN,4,surface_sigma/NORMAL_LOCK/DOWN/down_0004_rgb.png,,,
4076710,surface_sigma/NORMAL_LOCK/DOWN,surface_sigma,DOWN,5,surface_sigma/NORMAL_LOCK/DOWN/down_0005_rgb.png,,,
4076711,surface_sigma/NORMAL_LOCK/DOWN,surface_sigma,DOWN,6,surface_sigma/NORMAL_LOCK/DOWN/down_0006_rgb.png,,,
4076712,surface_sigma/NORMAL_LOCK/DOWN,surface_sigma,DOWN,7,surface_sigma/NORMAL_LOCK/DOWN/down_0007_rgb.png,,,
4076713,surface_sigma/NORMAL_LOCK/DOWN,surface_sigma,DOWN,8,surface_sigma/NORMAL_LOCK/DOWN/down_0008_rgb.png,,,
4076714,surface_sigma/NORMAL_LOCK/DOWN,surface_sigma,DOWN,9,surface_sigma/NORMAL_LOCK/DOWN/down_0009_rgb.png,,,
4076715,surface_sigma/NORMAL_LOCK/DOWN,surface_sigma,DOWN,10,surface_sigma/NORMAL_LOCK/DOWN/down_0010_rgb.png,,,
4076716,surface_sigma/NORMAL_LOCK/DOWN,surface_sigma,DOWN,11,surface_sigma/NORMAL_LOCK/DOWN/down_0011_rgb.png,,,
4076717,surface_sigma/NORMAL_LOCK/DOWN,surface_sigma,DOWN,12,surface_sigma/NORMAL_LOCK/DOWN/down_0012_rgb.png,,,
4076718,surface_sigma/NORMAL_LOCK/DOWN,surface_sigma,DOWN,13,surface_sigma/NORMAL_LOCK/DOWN/down_0013_rgb.png,,,
4076719,surface_sigma/NORMAL_LOCK/DOWN,surface_sigma,DOWN,14,surface_sigma/NORMAL_LOCK/DOWN/down_0014_rgb.png,,,
4076720,surface_sigma/NORMAL_LOCK/DOWN,surface_sigma,DOWN,15,surface_sigma/NORMAL_LOCK/DOWN/down_0015_rgb.png,,,
4076721,surface_sigma/NORMAL_LOCK/DOWN,surface_sigma,DOWN,16,surface_sigma/NORMAL_LOCK/DOWN/down_0016_rgb.png,,,
4076722,surface_sigma/NORMAL_LOCK/DOWN,surface_sigma,DOWN,17,surface_sigma/NORMAL_LOCK/DOWN/down_0017_rgb.png,,,
4076723,surface_sigma/NORMAL_LOCK/DOWN,surface_sigma,DOWN,18,surface_sigma/NORMAL_LOCK/DOWN/down_0018_rgb.png,,,
4076724,surface_sigma/NORMAL_LOCK/DOWN,surface_sigma,DOWN,19,surface_sigma/NORMAL_LOCK/DOWN/down_0019_rgb.png,,,
4076725,surface_sigma/NORMAL_LOCK/DOWN,surface_sigma,DOWN,20,surface_sigma/NORMAL_LOCK/DOWN/down_0020_rgb.png,,,
4076726,surface_sigma/NORMAL_LOCK/DOWN,surface_sigma,DOWN,21,surface_sigma/NORMAL_LOCK/DOWN/down_0021_rgb.png,,,
4076178,surface_sigma/NORMAL_LOCK/LEFT,surface_sigma,LEFT,0,surface_sigma/NORMAL_LOCK/LEFT/left_0000_rgb.png,,,
4076179,surface_sigma/NORMAL_LOCK/LEFT,surface_sigma,LEFT,1,surface_sigma/NORMAL_LOCK/LEFT/left_0001_rgb.png,,,
4076180,surface_sigma/NORMAL_LOCK/LEFT,surface_sigma,LEFT,2,surface_sigma/NORMAL_LOCK/LEFT/left_0002_rgb.png,,,
4076181,surface_sigma/NORMAL_LOCK/LEFT,surface_sigma,LEFT,3,surface_sigma/NORMAL_LOCK/LEFT/left_0003_rgb.png,,,
4076182,surface_sigma/NORMAL_LOCK/LEFT,surface_sigma,LEFT,4,surface_sigma/NORMAL_LOCK/LEFT/left_0004_rgb.png,,,
4076183,surface_sigma/NORMAL_LOCK/LEFT,surface_sigma,LEFT,5,surface_sigma/NORMAL_LOCK/LEFT/left_0005_rgb.png,,,
4076184,surface_sigma/NORMAL_LOCK/LEFT,surface_sigma,LEFT,6,surface_sigma/NORMAL_LOCK/LEFT/left_0006_rgb.png,,,
4076185,surface_sigma/NORMAL_LOCK/LEFT,surface_sigma,LEFT,7,surface_sigma/NORMAL_LOCK/LEFT/left_0007_rgb.png,,,
4076186,surface_sigma/NORMAL_LOCK/LEFT,surface_sigma,LEFT,8,surface_sigma/NORMAL_LOCK/LEFT/left_0008_rgb.png,,,
4076187,surface_sigma/NORMAL_LOCK/LEFT,surface_sigma,LEFT,9,surface_sigma/NORMAL_LOCK/LEFT/left_0009_rgb.png,,,
4076188,surface_sigma/NORMAL_LOCK/LEFT,surface_sigma,LEFT,10,surface_sigma/NORMAL_LOCK/LEFT/left_0010_rgb.png,,,
4076189,surface_sigma/NORMAL_LOCK/LEFT,surface_sigma,LEFT,11,surface_sigma/NORMAL_LOCK/LEFT/left_0011_rgb.png,,,
4076190,surface_sigma/NORMAL_LOCK/LEFT,surface_sigma,LEFT,12,surface_sigma/NORMAL_LOCK/LEFT/left_0012_rgb.png,,,
4076191,surface_sigma/NORMAL_LOCK/LEFT,surface_sigma,LEFT,13,surface_sigma/NORMAL_LOCK/LEFT/left_0013_rgb.png,,,
4076192,surface_sigma/NORMAL_LOCK/LEFT,surface_sigma,LEFT,14,surface_sigma/NORMAL_LOCK/LEFT/left_0014_rgb.png,,,
4076193,surface_sigma/NORMAL_LOCK/LEFT,surface_sigma,LEFT,15,surface_sigma/NORMAL_LOCK/LEFT/left_0015_rgb.png,,,
4076194,surface_sigma/NORMAL_LOCK/LEFT,surface_sigma,LEFT,16,surface_sigma/NORMAL_LOCK/LEFT/left_0016_rgb.png,,,
4076195,surface_sigma/NORMAL_LOCK/LEFT,surface_sigma,LEFT,17,surface_sigma/NORMAL_LOCK/LEFT/left_0017_rgb.png,,,
4076196,surface_sigma/NORMAL_LOCK/LEFT,surface_sigma,LEFT,18,surface_sigma/NORMAL_LOCK/LEFT/left_0018_rgb.png,,,
4076197,surface_sigma/NORMAL_LOCK/LEFT,surface_sigma,LEFT,19,surface_sigma/NORMAL_LOCK/LEFT/left_0019_rgb.png,,,
4076198,surface_sigma/NORMAL_LOCK/LEFT,surface_sigma,LEFT,20,surface_sigma/NORMAL_LOCK/LEFT/left_0020_rgb.png,,,
4076199,surface_sigma/NORMAL_LOCK/LEFT,surface_sigma,LEFT,21,surface_sigma/NORMAL_LOCK/LEFT/left_0021_rgb.png,,,
4076200,surface_sigma/NORMAL_LOCK/LEFT,surface_sigma,LEFT,22,surface_sigma/NORMAL_LOCK/LEFT/left_0022_rgb.png,,,
4076201,surface_sigma/NORMAL_LOCK/LEFT,surface_sigma,LEFT,23,surface_sigma/NORMAL_LOCK/LEFT/left_0023_rgb.png,,,
4076202,surface_sigma/NORMAL_LOCK/LEFT,surface_sigma,LEFT,24,surface_sigma/NORMAL_LOCK/LEFT/left_0024_rgb.png,,,
4076203,surface_sigma/NORMAL_LOCK/LEFT,surface_sigma,LEFT,25,surface_sigma/NORMAL_LOCK/LEFT/left_0025_rgb.png,,,
4076204,surface_sigma/NORMAL_LOCK/LEFT,surface_sigma,LEFT,26,surface_sigma/NORMAL_LOCK/LEFT/left_0026_rgb.png,,,
4076359,surface_sigma/NORMAL_LOCK/RIGHT,surface_sigma,RIGHT,0,surface_sigma/NORMAL_LOCK/RIGHT/right_0000_rgb.png,,,
4076360,surface_sigma/NORMAL_LOCK/RIGHT,surface_sigma,RIGHT,1,surface_sigma/NORMAL_LOCK/RIGHT/right_0001_rgb.png,,,
4076361,surface_sigma/NORMAL_LOCK/RIGHT,surface_sigma,RIGHT,2,surface_sigma/NORMAL_LOCK/RIGHT/right_0002_rgb.png,,,
4076362,surface_sigma/NORMAL_LOCK/RIGHT,surface_sigma,RIGHT,3,surface_sigma/NORMAL_LOCK/RIGHT/right_0003_rgb.png,,,
4076363,surface_sigma/NORMAL_LOCK/RIGHT,surface_sigma,RIGHT,4,surface_sigma/NORMAL_LOCK/RIGHT/right_0004_rgb.png,,,
4076364,surface_sigma/NORMAL_LOCK/RIGHT,surface_sigma,RIGHT,5,surface_sigma/NORMAL_LOCK/RIGHT/right_0005_rgb.png,,,
4076365,surface_sigma/NORMAL_LOCK/RIGHT,surface_sigma,RIGHT,6,surface_sigma/NORMAL_LOCK/RIGHT/right_0006_rgb.png,,,
4076366,surface_sigma/NORMAL_LOCK/RIGHT,surface_sigma,RIGHT,7,surface_sigma/NORMAL_LOCK/RIGHT/right_0007_rgb.png,,,
4076367,surface_sigma/NORMAL_LOCK/RIGHT,surface_sigma,RIGHT,8,surface_sigma/NORMAL_LOCK/RIGHT/right_0008_rgb.png,,,
4076368,surface_sigma/NORMAL_LOCK/RIGHT,surface_sigma,RIGHT,9,surface_sigma/NORMAL_LOCK/RIGHT/right_0009_rgb.png,,,
4076369,surface_sigma/NORMAL_LOCK/RIGHT,surface_sigma,RIGHT,10,surface_sigma/NORMAL_LOCK/RIGHT/right_0010_rgb.png,,,
4076370,surface_sigma/NORMAL_LOCK/RIGHT,surface_sigma,RIGHT,11,surface_sigma/NORMAL_LOCK/RIGHT/right_0011_rgb.png,,,
4076371,surface_sigma/NORMAL_LOCK/RIGHT,surface_sigma,RIGHT,12,surface_sigma/NORMAL_LOCK/RIGHT/right_0012_rgb.png,,,
4076372,surface_sigma/NORMAL_LOCK/RIGHT,surface_sigma,RIGHT,13,surface_sigma/NORMAL_LOCK/RIGHT/right_0013_rgb.png,,,
4076373,surface_sigma/NORMAL_LOCK/RIGHT,surface_sigma,RIGHT,14,surface_sigma/NORMAL_LOCK/RIGHT/right_0014_rgb.png,,,
4076374,surface_sigma/NORMAL_LOCK/RIGHT,surface_sigma,RIGHT,15,surface_sigma/NORMAL_LOCK/RIGHT/right_0015_rgb.png,,,
4076375,surface_sigma/NORMAL_LOCK/RIGHT,surface_sigma,RIGHT,16,surface_sigma/NORMAL_LOCK/RIGHT/right_0016_rgb.png,,,
4076376,surface_sigma/NORMAL_LOCK/RIGHT,surface_sigma,RIGHT,17,surface_sigma/NORMAL_LOCK/RIGHT/right_0017_rgb.png,,,
4076377,surface_sigma/NORMAL_LOCK/RIGHT,surface_sigma,RIGHT,18,surface_sigma/NORMAL_LOCK/RIGHT/right_0018_rgb.png,,,
4076378,surface_sigma/NORMAL_LOCK/RIGHT,surface_sigma,RIGHT,19,surface_sigma/NORMAL_LOCK/RIGHT/right_0019_rgb.png,,,
4076379,surface_sigma/NORMAL_LOCK/RIGHT,surface_sigma,RIGHT,20,surface_sigma/NORMAL_LOCK/RIGHT/right_0020_rgb.png,,,
4076380,surface_sigma/NORMAL_LOCK/RIGHT,surface_sigma,RIGHT,21,surface_sigma/NORMAL_LOCK/RIGHT/right_0021_rgb.png,,,
4076381,surface_sigma/NORMAL_LOCK/RIGHT,surface_sigma,RIGHT,22,surface_sigma/NORMAL_LOCK/RIGHT/right_0022_rgb.png,,,
4076382,surface_sigma/NORMAL_LOCK/RIGHT,surface_sigma,RIGHT,23,surface_sigma/NORMAL_LOCK/RIGHT/right_0023_rgb.png,,,
4076383,surface_sigma/NORMAL_LOCK/RIGHT,surface_sigma,RIGHT,24,surface_sigma/NORMAL_LOCK/RIGHT/right_0024_rgb.png,,,
4076384,surface_sigma/NORMAL_LOCK/RIGHT,surface_sigma,RIGHT,25,surface_sigma/NORMAL_LOCK/RIGHT/right_0025_rgb.png,,,
4076385,surface_sigma/NORMAL_LOCK/RIGHT,surface_sigma,RIGHT,26,surface_sigma/NORMAL_LOCK/RIGHT/right_0026_rgb.png,,,
4076548,surface_sigma/NORMAL_LOCK/UP,surface_sigma,UP,0,surface_sigma/NORMAL_LOCK/UP/up_0000_rgb.png,,,
4076549,surface_sigma/NORMAL_LOCK/UP,surface_sigma,UP,1,surface_sigma/NORMAL_LOCK/UP/up_0001_rgb.png,,,
4076550,surface_sigma/NORMAL_LOCK/UP,surface_sigma,UP,2,surface_sigma/NORMAL_LOCK/UP/up_0002_rgb.png,,,
4076551,surface_sigma/NORMAL_LOCK/UP,surface_sigma,UP,3,surface_sigma/NORMAL_LOCK/UP/up_0003_rgb.png,,,
4076552,surface_sigma/NORMAL_LOCK/UP,surface_sigma,UP,4,surface_sigma/NORMAL_LOCK/UP/up_0004_rgb.png,,,
4076553,surface_sigma/NORMAL_LOCK/UP,surface_sigma,UP,5,surface_sigma/NORMAL_LOCK/UP/up_0005_rgb.png,,,
4076554,surface_sigma/NORMAL_LOCK/UP,surface_sigma,UP,6,surface_sigma/NORMAL_LOCK/UP/up_0006_rgb.png,,,
4076555,surface_sigma/NORMAL_LOCK/UP,surface_sigma,UP,7,surface_sigma/NORMAL_LOCK/UP/up_0007_rgb.png,,,
4076556,surface_sigma/NORMAL_LOCK/UP,surface_sigma,UP,8,surface_sigma/NORMAL_LOCK/UP/up_0008_rgb.png,,,
4076557,surface_sigma/NORMAL_LOCK/UP,surface_sigma,UP,9,surface_sigma/NORMAL_LOCK/UP/up_0009_rgb.png,,,
4076558,surface_sigma/NORMAL_LOCK/UP,surface_sigma,UP,10,surface_sigma/NORMAL_LOCK/UP/up_0010_rgb.png,,,
4076559,surface_sigma/NORMAL_LOCK/UP,surface_sigma,UP,11,surface_sigma/NORMAL_LOCK/UP/up_0011_rgb.png,,,
4076560,surface_sigma/NORMAL_LOCK/UP,surface_sigma,UP,12,surface_sigma/NORMAL_LOCK/UP/up_0012_rgb.png,,,
4076561,surface_sigma/NORMAL_LOCK/UP,surface_sigma,UP,13,surface_sigma/NORMAL_LOCK/UP/up_0013_rgb.png,,,
4076562,surface_sigma/NORMAL_LOCK/UP,surface_sigma,UP,14,surface_sigma/NORMAL_LOCK/UP/up_0014_rgb.png,,,
4076563,surface_sigma/NORMAL_LOCK/UP,surface_sigma,UP,15,surface_sigma/NORMAL_LOCK/UP/up_0015_rgb.png,,,
4076564,surface_sigma/NORMAL_LOCK/UP,surface_sigma,UP,16,surface_sigma/NORMAL_LOCK/UP/up_0016_rgb.png,,,
4076565,surface_sigma/NORMAL_LOCK/UP,surface_sigma,UP,17,surface_sigma/NORMAL_LOCK/UP/up_0017_rgb.png,,,
4076566,surface_sigma/NORMAL_LOCK/UP,surface_sigma,UP,18,surface_sigma/NORMAL_LOCK/UP/up_0018_rgb.png,,,
4076567,surface_sigma/NORMAL_LOCK/UP,surface_sigma,UP,19,surface_sigma/NORMAL_LOCK/UP/up_0019_rgb.png,,,
4076568,surface_sigma/NORMAL_LOCK/UP,surface_sigma,UP,20,surface_sigma/NORMAL_LOCK/UP/up_0020_rgb.png,,,
4076569,surface_sigma/NORMAL_LOCK/UP,surface_sigma,UP,21,surface_sigma/NORMAL_LOCK/UP/up_0021_rgb.png,,,
