frame_id,file_type,path,size_bytes,expected_sha256,actual_sha256,status
2526,rgb_bgra,results/act0r1/raw/left_00_center_rgb.bgra.bin,1228800,35451f13c836e6487b7574a5722912a5243211f24db22003a8a6c03890c326e3,35451f13c836e6487b7574a5722912a5243211f24db22003a8a6c03890c326e3,PASS
2526,rgb,results/act0r1/raw/left_00_center_rgb.png,593054,c91117de7ae8db250e66449d4bc7ffb7daee7a106b91013da815876487ab5b33,c91117de7ae8db250e66449d4bc7ffb7daee7a106b91013da815876487ab5b33,PASS
2526,depth_raw,results/act0r1/raw/left_00_center_depth.raw.bin,1228800,4279c6a220e5265472e3825cf2b33ab20c943583ef7c413057631230a5d26063,4279c6a220e5265472e3825cf2b33ab20c943583ef7c413057631230a5d26063,PASS
2526,depth_m,results/act0r1/raw/left_00_center_depth_m.npy,1228928,a12f69b8bc043590bff9f888780e7e1ed4913c68231e8c76caf4e32a8a0db0dc,a12f69b8bc043590bff9f888780e7e1ed4913c68231e8c76caf4e32a8a0db0dc,PASS
2526,semantic,results/act0r1/raw/left_00_center_semantic_raw.png,2994,16e8d2437ba2d38e9613ac0196ca53e8a70677d71b8cd97e9a7249c292e58da5,16e8d2437ba2d38e9613ac0196ca53e8a70677d71b8cd97e9a7249c292e58da5,PASS
2526,instance,results/act0r1/raw/left_00_center_instance_raw.png,3682,ef1108ab5981810e711bd9a6701e08b4e7d5203df2b057b91d04ab6716e6f824,ef1108ab5981810e711bd9a6701e08b4e7d5203df2b057b91d04ab6716e6f824,PASS
2526,metadata,results/act0r1/raw/left_00_center.json,3585,,04072985f519629e3436e122ea562c79bb049892685239adf1422c10387a8453,PASS
2530,rgb_bgra,results/act0r1/raw/left_01_inside_rgb.bgra.bin,1228800,aef9738c285a13bb8369514c8a4661bc9f01bc224f2b2f081020f8fb4635875c,aef9738c285a13bb8369514c8a4661bc9f01bc224f2b2f081020f8fb4635875c,PASS
2530,rgb,results/act0r1/raw/left_01_inside_rgb.png,586298,fb3f36c96338ceae910a54899b2d8d2c703a3d7647e0f0778b57e14aa65706c9,fb3f36c96338ceae910a54899b2d8d2c703a3d7647e0f0778b57e14aa65706c9,PASS
2530,depth_raw,results/act0r1/raw/left_01_inside_depth.raw.bin,1228800,05b97a94ba2908fb1127b0913b07d6cafa41ddf9a7570e2051e66bd203a4db93,05b97a94ba2908fb1127b0913b07d6cafa41ddf9a7570e2051e66bd203a4db93,PASS
2530,depth_m,results/act0r1/raw/left_01_inside_depth_m.npy,1228928,e085e5aca82e3eef8c60593c715cbc9c53ee0b9c023481dce3e97945b28bd8cb,e085e5aca82e3eef8c60593c715cbc9c53ee0b9c023481dce3e97945b28bd8cb,PASS
2530,semantic,results/act0r1/raw/left_01_inside_semantic_raw.png,3198,2b1f171864c49bf2f6963b0e4143386fbe0ae349e542fcd03671941263d9beb3,2b1f171864c49bf2f6963b0e4143386fbe0ae349e542fcd03671941263d9beb3,PASS
2530,instance,results/act0r1/raw/left_01_inside_instance_raw.png,3887,ac14449f49328c7a12cf27c9cceb79f57993a375a358d5209b40915d072733e9,ac14449f49328c7a12cf27c9cceb79f57993a375a358d5209b40915d072733e9,PASS
2530,metadata,results/act0r1/raw/left_01_inside.json,3575,,2e901db6337786e10c2abc15287cb63d7486b0b889b57e3fae18cc9aa43f76b6,PASS
2534,rgb_bgra,results/act0r1/raw/left_02_pre_edge_rgb.bgra.bin,1228800,b3ea587db560c7b6f318e1d4b0dca156ba3ba349c70ad401001cce1affec9bfc,b3ea587db560c7b6f318e1d4b0dca156ba3ba349c70ad401001cce1affec9bfc,PASS
2534,rgb,results/act0r1/raw/left_02_pre_edge_rgb.png,578186,24f63242d212668806e95e250a973f8f033b68051401dd4a410d0eab62bc2d42,24f63242d212668806e95e250a973f8f033b68051401dd4a410d0eab62bc2d42,PASS
2534,depth_raw,results/act0r1/raw/left_02_pre_edge_depth.raw.bin,1228800,1e0b760c371a8f3fd66f321dcd2c3dafabe1375915b35c76a8dce6ff9dfc07a8,1e0b760c371a8f3fd66f321dcd2c3dafabe1375915b35c76a8dce6ff9dfc07a8,PASS
2534,depth_m,results/act0r1/raw/left_02_pre_edge_depth_m.npy,1228928,4dd65f7139e5f876588b50100e454187d41609ec74e635d258de6ff69a4fc32e,4dd65f7139e5f876588b50100e454187d41609ec74e635d258de6ff69a4fc32e,PASS
2534,semantic,results/act0r1/raw/left_02_pre_edge_semantic_raw.png,3175,2386150707eff0936ec1071a03922e10c5514644d1566aa406f68e702e6aeb44,2386150707eff0936ec1071a03922e10c5514644d1566aa406f68e702e6aeb44,PASS
2534,instance,results/act0r1/raw/left_02_pre_edge_instance_raw.png,3878,1ccd6767b4624a67a1ae5ad17f676f43d86e84d7290ac833148dfa5dc24c31e3,1ccd6767b4624a67a1ae5ad17f676f43d86e84d7290ac833148dfa5dc24c31e3,PASS
2534,metadata,results/act0r1/raw/left_02_pre_edge.json,3598,,f463baa7c68da318bc83644c06fc827edbe27c9b98842a1d0e3311e9272434bd,PASS
2538,rgb_bgra,results/act0r1/raw/left_03_straddle_rgb.bgra.bin,1228800,a4450fcce04dcf553d04b125052591e0ff597f1159eae5680c34456d8c387052,a4450fcce04dcf553d04b125052591e0ff597f1159eae5680c34456d8c387052,PASS
2538,rgb,results/act0r1/raw/left_03_straddle_rgb.png,577820,5f39184c7dc2a83bd919c097e2b35d06eeaf9dee8d2dad1e9c6f9db0101ddaaa,5f39184c7dc2a83bd919c097e2b35d06eeaf9dee8d2dad1e9c6f9db0101ddaaa,PASS
2538,depth_raw,results/act0r1/raw/left_03_straddle_depth.raw.bin,1228800,c6fe1cac87f54c18d53348941e214f8e77bbd047974ea92aa4d32b8ff9b32f4e,c6fe1cac87f54c18d53348941e214f8e77bbd047974ea92aa4d32b8ff9b32f4e,PASS
2538,depth_m,results/act0r1/raw/left_03_straddle_depth_m.npy,1228928,507992df9b41b6c88221d6d5da4156125128084ec40dca45e1b97ef9d79e4b90,507992df9b41b6c88221d6d5da4156125128084ec40dca45e1b97ef9d79e4b90,PASS
2538,semantic,results/act0r1/raw/left_03_straddle_semantic_raw.png,3230,5e380c4fad9592a8899916cf5713176f6365b2cd18d559f7df6a66203d47293c,5e380c4fad9592a8899916cf5713176f6365b2cd18d559f7df6a66203d47293c,PASS
2538,instance,results/act0r1/raw/left_03_straddle_instance_raw.png,3891,f86d03e71a2d3bf6bfaed5273122918cc8a8abedd70254801e79833f8f795ab6,f86d03e71a2d3bf6bfaed5273122918cc8a8abedd70254801e79833f8f795ab6,PASS
2538,metadata,results/act0r1/raw/left_03_straddle.json,3604,,b9d291709bf73818ddd3beadfcad53d5bdb747822d4920ca032405f6cdc67735,PASS
2542,rgb_bgra,results/act0r1/raw/left_04_straddle_repeat_1_rgb.bgra.bin,1228800,a1aea9425cb0cdca229c9aa1a589e35fc9c495994f3c5b0e88d85c1c5958df06,a1aea9425cb0cdca229c9aa1a589e35fc9c495994f3c5b0e88d85c1c5958df06,PASS
2542,rgb,results/act0r1/raw/left_04_straddle_repeat_1_rgb.png,570916,e0a54a9c429cbaa13f300673c4fa51e11680efb2db31c055b01518f6e921960f,e0a54a9c429cbaa13f300673c4fa51e11680efb2db31c055b01518f6e921960f,PASS
2542,depth_raw,results/act0r1/raw/left_04_straddle_repeat_1_depth.raw.bin,1228800,c6fe1cac87f54c18d53348941e214f8e77bbd047974ea92aa4d32b8ff9b32f4e,c6fe1cac87f54c18d53348941e214f8e77bbd047974ea92aa4d32b8ff9b32f4e,PASS
2542,depth_m,results/act0r1/raw/left_04_straddle_repeat_1_depth_m.npy,1228928,507992df9b41b6c88221d6d5da4156125128084ec40dca45e1b97ef9d79e4b90,507992df9b41b6c88221d6d5da4156125128084ec40dca45e1b97ef9d79e4b90,PASS
2542,semantic,results/act0r1/raw/left_04_straddle_repeat_1_semantic_raw.png,3230,5e380c4fad9592a8899916cf5713176f6365b2cd18d559f7df6a66203d47293c,5e380c4fad9592a8899916cf5713176f6365b2cd18d559f7df6a66203d47293c,PASS
2542,instance,results/act0r1/raw/left_04_straddle_repeat_1_instance_raw.png,3891,f86d03e71a2d3bf6bfaed5273122918cc8a8abedd70254801e79833f8f795ab6,f86d03e71a2d3bf6bfaed5273122918cc8a8abedd70254801e79833f8f795ab6,PASS
2542,metadata,results/act0r1/raw/left_04_straddle_repeat_1.json,3690,,f3cd4c7878b1acc09e523cec071eb7a0251a3e9610adb833dfcfe8277f72fe63,PASS
2546,rgb_bgra,results/act0r1/raw/left_05_straddle_repeat_2_rgb.bgra.bin,1228800,46577b644bd1cfc389931c637400169010e41e1c95fcb01a7b7fbe7562d1ebad,46577b644bd1cfc389931c637400169010e41e1c95fcb01a7b7fbe7562d1ebad,PASS
2546,rgb,results/act0r1/raw/left_05_straddle_repeat_2_rgb.png,564524,fdcfd344f3d647b30334962966bfc990e5a289b7522e8fe22474cee6a2333dae,fdcfd344f3d647b30334962966bfc990e5a289b7522e8fe22474cee6a2333dae,PASS
2546,depth_raw,results/act0r1/raw/left_05_straddle_repeat_2_depth.raw.bin,1228800,c6fe1cac87f54c18d53348941e214f8e77bbd047974ea92aa4d32b8ff9b32f4e,c6fe1cac87f54c18d53348941e214f8e77bbd047974ea92aa4d32b8ff9b32f4e,PASS
2546,depth_m,results/act0r1/raw/left_05_straddle_repeat_2_depth_m.npy,1228928,507992df9b41b6c88221d6d5da4156125128084ec40dca45e1b97ef9d79e4b90,507992df9b41b6c88221d6d5da4156125128084ec40dca45e1b97ef9d79e4b90,PASS
2546,semantic,results/act0r1/raw/left_05_straddle_repeat_2_semantic_raw.png,3230,5e380c4fad9592a8899916cf5713176f6365b2cd18d559f7df6a66203d47293c,5e380c4fad9592a8899916cf5713176f6365b2cd18d559f7df6a66203d47293c,PASS
2546,instance,results/act0r1/raw/left_05_straddle_repeat_2_instance_raw.png,3891,f86d03e71a2d3bf6bfaed5273122918cc8a8abedd70254801e79833f8f795ab6,f86d03e71a2d3bf6bfaed5273122918cc8a8abedd70254801e79833f8f795ab6,PASS
2546,metadata,results/act0r1/raw/left_05_straddle_repeat_2.json,3690,,40909825d82c0ed99cc059070dad135da9f8df9930f2674d6d1fd246d3dd1315,PASS
2550,rgb_bgra,results/act0r1/raw/left_06_straddle_repeat_3_rgb.bgra.bin,1228800,fcac6fec84db11d4c9b9400f5babf8a37e5741d93ebaa9620017199cc0539b4a,fcac6fec84db11d4c9b9400f5babf8a37e5741d93ebaa9620017199cc0539b4a,PASS
2550,rgb,results/act0r1/raw/left_06_straddle_repeat_3_rgb.png,572497,60729832c4e0d8e8e63595355bfe2ed4f93aca9d300a281ae24deb48751aaecd,60729832c4e0d8e8e63595355bfe2ed4f93aca9d300a281ae24deb48751aaecd,PASS
2550,depth_raw,results/act0r1/raw/left_06_straddle_repeat_3_depth.raw.bin,1228800,c6fe1cac87f54c18d53348941e214f8e77bbd047974ea92aa4d32b8ff9b32f4e,c6fe1cac87f54c18d53348941e214f8e77bbd047974ea92aa4d32b8ff9b32f4e,PASS
2550,depth_m,results/act0r1/raw/left_06_straddle_repeat_3_depth_m.npy,1228928,507992df9b41b6c88221d6d5da4156125128084ec40dca45e1b97ef9d79e4b90,507992df9b41b6c88221d6d5da4156125128084ec40dca45e1b97ef9d79e4b90,PASS
2550,semantic,results/act0r1/raw/left_06_straddle_repeat_3_semantic_raw.png,3230,5e380c4fad9592a8899916cf5713176f6365b2cd18d559f7df6a66203d47293c,5e380c4fad9592a8899916cf5713176f6365b2cd18d559f7df6a66203d47293c,PASS
2550,instance,results/act0r1/raw/left_06_straddle_repeat_3_instance_raw.png,3891,f86d03e71a2d3bf6bfaed5273122918cc8a8abedd70254801e79833f8f795ab6,f86d03e71a2d3bf6bfaed5273122918cc8a8abedd70254801e79833f8f795ab6,PASS
2550,metadata,results/act0r1/raw/left_06_straddle_repeat_3.json,3685,,60b71f65c5329abfea10ed818da3f9b77f7e0c7dc88c549e690b5988e9a0b1c5,PASS
2554,rgb_bgra,results/act0r1/raw/left_07_post_edge_rgb.bgra.bin,1228800,4b80ae3331ab6c0edf85fc26a01f55fa42d771e4c39f5560f7eb7c201720d0b4,4b80ae3331ab6c0edf85fc26a01f55fa42d771e4c39f5560f7eb7c201720d0b4,PASS
2554,rgb,results/act0r1/raw/left_07_post_edge_rgb.png,569092,a5d033fe01c8c8f05a95bdacb1ed8eeeea6076c4b79f842b9dfd8562d612bd5d,a5d033fe01c8c8f05a95bdacb1ed8eeeea6076c4b79f842b9dfd8562d612bd5d,PASS
2554,depth_raw,results/act0r1/raw/left_07_post_edge_depth.raw.bin,1228800,1ea397fce2f041b9fae7857d80810337482be2757123e2191fc586123ea87a69,1ea397fce2f041b9fae7857d80810337482be2757123e2191fc586123ea87a69,PASS
2554,depth_m,results/act0r1/raw/left_07_post_edge_depth_m.npy,1228928,5bae29244a05e13a6b961ff38d8a1e141b60b1a2baec1dbff67f9fc488cccf38,5bae29244a05e13a6b961ff38d8a1e141b60b1a2baec1dbff67f9fc488cccf38,PASS
2554,semantic,results/act0r1/raw/left_07_post_edge_semantic_raw.png,3271,25c6cee0fc46e9ad813ae5e3f9a6d6797671a31acecac8f66eebcf6e2bb6d3a8,25c6cee0fc46e9ad813ae5e3f9a6d6797671a31acecac8f66eebcf6e2bb6d3a8,PASS
2554,instance,results/act0r1/raw/left_07_post_edge_instance_raw.png,3904,add1d7f3caa2aa392f06861693f2f63682996014d0b53512c7a82a649c28ebd9,add1d7f3caa2aa392f06861693f2f63682996014d0b53512c7a82a649c28ebd9,PASS
2554,metadata,results/act0r1/raw/left_07_post_edge.json,3613,,4b7279e7dd9e5f366d48fd484a6aa48128dd1ce93b8e6b0b2cbcf328bdb95e14,PASS
