start_id,direction,step_index,relative_distance_m,frame_id,target_coverage,contour_span_over_target_bbox,contour_median_x_px,boundary_type,boundary_penetration_px,first_physical_termination,model_visible_termination,target_side_fraction,external_side_fraction
start_00,LEFT,0,0.0,11643,0.8875,0.004694835680751174,1.0,UNRESOLVED,1.0,False,False,1.0,0.0
start_00,LEFT,1,0.5,11647,0.8875,0.004694835680751174,1.0,UNRESOLVED,1.0,False,False,1.0,0.0
start_00,LEFT,2,1.0,11651,0.8875,0.004694835680751174,1.0,UNRESOLVED,1.0,False,False,1.0,0.0
start_00,LEFT,3,1.5,11655,0.8822623697916666,1.0,3.0,PHYSICAL_TERMINATION,3.0,True,False,1.0,1.0
start_00,LEFT,4,2.0,11659,0.8711263020833333,1.0,11.0,PHYSICAL_TERMINATION,11.0,True,False,1.0,1.0
start_00,LEFT,5,2.5,11663,0.8599186197916666,1.0,20.0,PHYSICAL_TERMINATION,20.0,True,True,1.0,1.0
start_00,LEFT,6,3.0,11667,0.8486848958333333,1.0,28.0,PHYSICAL_TERMINATION,28.0,True,True,1.0,1.0
start_00,LEFT,7,3.5,11671,0.8374967447916667,1.0,36.0,PHYSICAL_TERMINATION,36.0,True,True,1.0,1.0
start_00,LEFT,8,4.0,11675,0.826318359375,1.0,45.0,PHYSICAL_TERMINATION,45.0,True,True,1.0,1.0
start_00,RIGHT,0,0.0,11643,0.8875,0.004694835680751174,638.0,UNRESOLVED,1.0,False,False,1.0,0.0
start_00,RIGHT,1,0.5,11679,0.8875,0.004694835680751174,638.0,UNRESOLVED,1.0,False,False,1.0,0.0
start_00,RIGHT,2,1.0,11683,0.8875,0.004694835680751174,638.0,UNRESOLVED,1.0,False,False,1.0,0.0
start_00,RIGHT,3,1.5,11687,0.8875,0.004694835680751174,638.0,UNRESOLVED,1.0,False,False,1.0,0.0
start_00,RIGHT,4,2.0,11691,0.8875,0.004694835680751174,638.0,UNRESOLVED,1.0,False,False,1.0,0.0
start_00,RIGHT,5,2.5,11695,0.8875,0.004694835680751174,638.0,UNRESOLVED,1.0,False,False,1.0,0.0
start_00,RIGHT,6,3.0,11699,0.8875,0.004694835680751174,638.0,UNRESOLVED,1.0,False,False,1.0,0.0
start_00,RIGHT,7,3.5,11703,0.8875,0.004694835680751174,638.0,UNRESOLVED,1.0,False,False,1.0,0.0
start_00,RIGHT,8,4.0,11707,0.8875,0.004694835680751174,638.0,UNRESOLVED,1.0,False,False,1.0,0.0
start_01,LEFT,0,0.0,11711,0.8875,0.004694835680751174,1.0,UNRESOLVED,1.0,False,False,1.0,0.0
start_01,LEFT,1,0.5,11715,0.8875,0.004694835680751174,1.0,UNRESOLVED,1.0,False,False,1.0,0.0
start_01,LEFT,2,1.0,11719,0.8875,0.004694835680751174,1.0,UNRESOLVED,1.0,False,False,1.0,0.0
start_01,LEFT,3,1.5,11723,0.8875,0.004694835680751174,1.0,UNRESOLVED,1.0,False,False,1.0,0.0
start_01,LEFT,4,2.0,11727,0.8875,0.004694835680751174,1.0,UNRESOLVED,1.0,False,False,1.0,0.0
start_01,LEFT,5,2.5,11731,0.8808723958333333,1.0,4.0,PHYSICAL_TERMINATION,4.0,True,False,1.0,1.0
start_01,LEFT,6,3.0,11735,0.8696354166666667,1.0,12.0,PHYSICAL_TERMINATION,12.0,True,False,1.0,1.0
start_01,LEFT,7,3.5,11739,0.8584114583333333,1.0,21.0,PHYSICAL_TERMINATION,21.0,True,True,1.0,1.0
start_01,LEFT,8,4.0,11743,0.8466666666666667,1.0,29.0,PHYSICAL_TERMINATION,29.0,True,False,0.6338028169014085,1.0
start_01,RIGHT,0,0.0,11711,0.8875,0.004694835680751174,638.0,UNRESOLVED,1.0,False,False,1.0,0.0
start_01,RIGHT,1,0.5,11747,0.8875,0.004694835680751174,638.0,UNRESOLVED,1.0,False,False,1.0,0.0
start_01,RIGHT,2,1.0,11751,0.8875,0.004694835680751174,638.0,UNRESOLVED,1.0,False,False,1.0,0.0
start_01,RIGHT,3,1.5,11755,0.8875,0.004694835680751174,638.0,UNRESOLVED,1.0,False,False,1.0,0.0
start_01,RIGHT,4,2.0,11759,0.8875,0.004694835680751174,638.0,UNRESOLVED,1.0,False,False,1.0,0.0
start_01,RIGHT,5,2.5,11763,0.8875,0.004694835680751174,638.0,UNRESOLVED,1.0,False,False,1.0,0.0
start_01,RIGHT,6,3.0,11767,0.8875,0.004694835680751174,638.0,UNRESOLVED,1.0,False,False,1.0,0.0
start_01,RIGHT,7,3.5,11771,0.8875,0.004694835680751174,638.0,UNRESOLVED,1.0,False,False,1.0,0.0
start_01,RIGHT,8,4.0,11775,0.8875,0.004694835680751174,638.0,UNRESOLVED,1.0,False,False,1.0,0.0
start_02,LEFT,0,0.0,11779,0.8875,0.004694835680751174,1.0,UNRESOLVED,1.0,False,False,1.0,0.0
start_02,LEFT,1,0.5,11783,0.8875,0.004694835680751174,1.0,UNRESOLVED,1.0,False,False,1.0,0.0
start_02,LEFT,2,1.0,11787,0.8875,0.004694835680751174,1.0,UNRESOLVED,1.0,False,False,1.0,0.0
start_02,LEFT,3,1.5,11791,0.8875,0.004694835680751174,1.0,UNRESOLVED,1.0,False,False,1.0,0.0
start_02,LEFT,4,2.0,11795,0.8875,0.004694835680751174,1.0,UNRESOLVED,1.0,False,False,1.0,0.0
start_02,LEFT,5,2.5,11799,0.88642578125,0.4225352112676056,2.0,UNRESOLVED,2.0,False,False,1.0,0.9222222222222223
start_02,LEFT,6,3.0,11803,0.875908203125,1.0,8.0,PHYSICAL_TERMINATION,8.0,True,False,1.0,1.0
start_02,LEFT,7,3.5,11807,0.8641731770833333,1.0,16.0,PHYSICAL_TERMINATION,16.0,True,True,1.0,1.0
start_02,LEFT,8,4.0,11811,0.8529622395833333,1.0,25.0,PHYSICAL_TERMINATION,25.0,True,True,1.0,1.0
start_02,RIGHT,0,0.0,11779,0.8875,0.004694835680751174,638.0,UNRESOLVED,1.0,False,False,1.0,0.0
start_02,RIGHT,1,0.5,11815,0.8875,0.004694835680751174,638.0,UNRESOLVED,1.0,False,False,1.0,0.0
start_02,RIGHT,2,1.0,11819,0.8875,0.004694835680751174,638.0,UNRESOLVED,1.0,False,False,1.0,0.0
start_02,RIGHT,3,1.5,11823,0.8875,0.004694835680751174,638.0,UNRESOLVED,1.0,False,False,1.0,0.0
start_02,RIGHT,4,2.0,11827,0.8875,0.004694835680751174,638.0,UNRESOLVED,1.0,False,False,1.0,0.0
start_02,RIGHT,5,2.5,11831,0.8875,0.004694835680751174,638.0,UNRESOLVED,1.0,False,False,1.0,0.0
start_02,RIGHT,6,3.0,11835,0.8875,0.004694835680751174,638.0,UNRESOLVED,1.0,False,False,1.0,0.0
start_02,RIGHT,7,3.5,11839,0.8875,0.004694835680751174,638.0,UNRESOLVED,1.0,False,False,1.0,0.0
start_02,RIGHT,8,4.0,11843,0.8875,0.004694835680751174,638.0,UNRESOLVED,1.0,False,False,1.0,0.0
start_03,LEFT,0,0.0,11847,0.8875,0.004694835680751174,1.0,UNRESOLVED,1.0,False,False,1.0,0.0
start_03,LEFT,1,0.5,11851,0.8875,0.004694835680751174,1.0,UNRESOLVED,1.0,False,False,1.0,0.0
start_03,LEFT,2,1.0,11855,0.8875,0.004694835680751174,1.0,UNRESOLVED,1.0,False,False,1.0,0.0
start_03,LEFT,3,1.5,11859,0.8808658854166667,1.0,4.0,PHYSICAL_TERMINATION,4.0,True,False,1.0,1.0
start_03,LEFT,4,2.0,11863,0.869599609375,1.0,13.0,PHYSICAL_TERMINATION,13.0,True,False,1.0,1.0
start_03,LEFT,5,2.5,11867,0.857822265625,1.0,21.0,PHYSICAL_TERMINATION,21.0,True,False,0.6338028169014085,1.0
start_03,LEFT,6,3.0,11871,0.8466373697916667,1.0,29.0,PHYSICAL_TERMINATION,29.0,True,False,0.6314553990610329,1.0
start_03,LEFT,7,3.5,11875,0.8354654947916667,1.0,38.0,PHYSICAL_TERMINATION,38.0,True,False,0.6314553990610329,1.0
start_03,LEFT,8,4.0,11879,0.8242805989583334,1.0,46.0,PHYSICAL_TERMINATION,46.0,True,False,0.6220657276995305,1.0
start_03,RIGHT,0,0.0,11847,0.8875,0.004694835680751174,638.0,UNRESOLVED,1.0,False,False,1.0,0.0
start_03,RIGHT,1,0.5,11883,0.8875,0.004694835680751174,638.0,UNRESOLVED,1.0,False,False,1.0,0.0
start_03,RIGHT,2,1.0,11887,0.8875,0.004694835680751174,638.0,UNRESOLVED,1.0,False,False,1.0,0.0
start_03,RIGHT,3,1.5,11891,0.8875,0.004694835680751174,638.0,UNRESOLVED,1.0,False,False,1.0,0.0
start_03,RIGHT,4,2.0,11895,0.8875,0.004694835680751174,638.0,UNRESOLVED,1.0,False,False,1.0,0.0
start_03,RIGHT,5,2.5,11899,0.8875,0.004694835680751174,638.0,UNRESOLVED,1.0,False,False,1.0,0.0
start_03,RIGHT,6,3.0,11903,0.8875,0.004694835680751174,638.0,UNRESOLVED,1.0,False,False,1.0,0.0
start_03,RIGHT,7,3.5,11907,0.8875,0.004694835680751174,638.0,UNRESOLVED,1.0,False,False,1.0,0.0
start_03,RIGHT,8,4.0,11911,0.8875,0.004694835680751174,638.0,UNRESOLVED,1.0,False,False,1.0,0.0
start_04,LEFT,0,0.0,11915,0.8875,0.004694835680751174,1.0,UNRESOLVED,1.0,False,False,1.0,0.0
start_04,LEFT,1,0.5,11919,0.8875,0.004694835680751174,1.0,UNRESOLVED,1.0,False,False,1.0,0.0
start_04,LEFT,2,1.0,11923,0.8875,0.004694835680751174,1.0,UNRESOLVED,1.0,False,False,1.0,0.0
start_04,LEFT,3,1.5,11927,0.8781022135416666,1.0,6.0,PHYSICAL_TERMINATION,6.0,True,False,1.0,1.0
start_04,LEFT,4,2.0,11931,0.8669075520833334,1.0,14.0,PHYSICAL_TERMINATION,14.0,True,False,1.0,1.0
start_04,LEFT,5,2.5,11935,0.855693359375,1.0,23.0,PHYSICAL_TERMINATION,23.0,True,True,1.0,1.0
start_04,LEFT,6,3.0,11939,0.8444856770833333,1.0,31.0,PHYSICAL_TERMINATION,31.0,True,True,1.0,1.0
start_04,LEFT,7,3.5,11943,0.83330078125,1.0,39.0,PHYSICAL_TERMINATION,39.0,True,True,1.0,1.0
start_04,LEFT,8,4.0,11947,0.82158203125,1.0,48.0,PHYSICAL_TERMINATION,48.0,True,False,0.6314553990610329,1.0
start_04,RIGHT,0,0.0,11915,0.8875,0.004694835680751174,638.0,UNRESOLVED,1.0,False,False,1.0,0.0
start_04,RIGHT,1,0.5,11951,0.8875,0.004694835680751174,638.0,UNRESOLVED,1.0,False,False,1.0,0.0
start_04,RIGHT,2,1.0,11955,0.8875,0.004694835680751174,638.0,UNRESOLVED,1.0,False,False,1.0,0.0
start_04,RIGHT,3,1.5,11959,0.8875,0.004694835680751174,638.0,UNRESOLVED,1.0,False,False,1.0,0.0
start_04,RIGHT,4,2.0,11963,0.8875,0.004694835680751174,638.0,UNRESOLVED,1.0,False,False,1.0,0.0
start_04,RIGHT,5,2.5,11967,0.8875,0.004694835680751174,638.0,UNRESOLVED,1.0,False,False,1.0,0.0
start_04,RIGHT,6,3.0,11971,0.8875,0.004694835680751174,638.0,UNRESOLVED,1.0,False,False,1.0,0.0
start_04,RIGHT,7,3.5,11975,0.8875,0.004694835680751174,638.0,UNRESOLVED,1.0,False,False,1.0,0.0
start_04,RIGHT,8,4.0,11979,0.8875,0.004694835680751174,638.0,UNRESOLVED,1.0,False,False,1.0,0.0
start_05,LEFT,0,0.0,11983,0.8875,0.004694835680751174,1.0,UNRESOLVED,1.0,False,False,1.0,0.0
start_05,LEFT,1,0.5,11987,0.8875,0.004694835680751174,1.0,UNRESOLVED,1.0,False,False,1.0,0.0
start_05,LEFT,2,1.0,11991,0.8875,0.004694835680751174,1.0,UNRESOLVED,1.0,False,False,1.0,0.0
start_05,LEFT,3,1.5,11995,0.8875,0.004694835680751174,1.0,UNRESOLVED,1.0,False,False,1.0,0.0
start_05,LEFT,4,2.0,11999,0.8875,0.004694835680751174,1.0,UNRESOLVED,1.0,False,False,1.0,0.0
start_05,LEFT,5,2.5,12003,0.8808723958333333,1.0,4.0,PHYSICAL_TERMINATION,4.0,True,False,1.0,1.0
start_05,LEFT,6,3.0,12007,0.86966796875,1.0,12.0,PHYSICAL_TERMINATION,12.0,True,False,1.0,1.0
start_05,LEFT,7,3.5,12011,0.85845703125,1.0,21.0,PHYSICAL_TERMINATION,21.0,True,True,1.0,1.0
start_05,LEFT,8,4.0,12015,0.8466861979166667,1.0,29.0,PHYSICAL_TERMINATION,29.0,True,False,0.6338028169014085,1.0
start_05,RIGHT,0,0.0,11983,0.8875,0.004694835680751174,638.0,UNRESOLVED,1.0,False,False,1.0,0.0
start_05,RIGHT,1,0.5,12019,0.8875,0.004694835680751174,638.0,UNRESOLVED,1.0,False,False,1.0,0.0
start_05,RIGHT,2,1.0,12023,0.8875,0.004694835680751174,638.0,UNRESOLVED,1.0,False,False,1.0,0.0
start_05,RIGHT,3,1.5,12027,0.8875,0.004694835680751174,638.0,UNRESOLVED,1.0,False,False,1.0,0.0
start_05,RIGHT,4,2.0,12031,0.8875,0.004694835680751174,638.0,UNRESOLVED,1.0,False,False,1.0,0.0
start_05,RIGHT,5,2.5,12035,0.8875,0.004694835680751174,638.0,UNRESOLVED,1.0,False,False,1.0,0.0
start_05,RIGHT,6,3.0,12039,0.8875,0.004694835680751174,638.0,UNRESOLVED,1.0,False,False,1.0,0.0
start_05,RIGHT,7,3.5,12043,0.8875,0.004694835680751174,638.0,UNRESOLVED,1.0,False,False,1.0,0.0
start_05,RIGHT,8,4.0,12047,0.8875,0.004694835680751174,638.0,UNRESOLVED,1.0,False,False,1.0,0.0
start_06,LEFT,0,0.0,12051,0.8875,0.004694835680751174,1.0,UNRESOLVED,1.0,False,False,1.0,0.0
start_06,LEFT,1,0.5,12055,0.8875,0.004694835680751174,1.0,UNRESOLVED,1.0,False,False,1.0,0.0
start_06,LEFT,2,1.0,12059,0.8875,0.004694835680751174,1.0,UNRESOLVED,1.0,False,False,1.0,0.0
start_06,LEFT,3,1.5,12063,0.8875,0.004694835680751174,1.0,UNRESOLVED,1.0,False,False,1.0,0.0
start_06,LEFT,4,2.0,12067,0.88642578125,0.4225352112676056,2.0,UNRESOLVED,2.0,False,False,1.0,0.9222222222222223
start_06,LEFT,5,2.5,12071,0.8759375,1.0,8.0,PHYSICAL_TERMINATION,8.0,True,False,1.0,1.0
start_06,LEFT,6,3.0,12075,0.8647233072916667,1.0,16.0,PHYSICAL_TERMINATION,16.0,True,True,1.0,1.0
start_06,LEFT,7,3.5,12079,0.852978515625,1.0,25.0,PHYSICAL_TERMINATION,25.0,True,True,1.0,1.0
start_06,LEFT,8,4.0,12083,0.8417643229166667,1.0,33.0,PHYSICAL_TERMINATION,33.0,True,True,1.0,1.0
start_06,RIGHT,0,0.0,12051,0.8875,0.004694835680751174,638.0,UNRESOLVED,1.0,False,False,1.0,0.0
start_06,RIGHT,1,0.5,12087,0.8875,0.004694835680751174,638.0,UNRESOLVED,1.0,False,False,1.0,0.0
start_06,RIGHT,2,1.0,12091,0.8875,0.004694835680751174,638.0,UNRESOLVED,1.0,False,False,1.0,0.0
start_06,RIGHT,3,1.5,12095,0.8875,0.004694835680751174,638.0,UNRESOLVED,1.0,False,False,1.0,0.0
start_06,RIGHT,4,2.0,12099,0.8875,0.004694835680751174,638.0,UNRESOLVED,1.0,False,False,1.0,0.0
start_06,RIGHT,5,2.5,12103,0.8875,0.004694835680751174,638.0,UNRESOLVED,1.0,False,False,1.0,0.0
start_06,RIGHT,6,3.0,12107,0.8875,0.004694835680751174,638.0,UNRESOLVED,1.0,False,False,1.0,0.0
start_06,RIGHT,7,3.5,12111,0.8875,0.004694835680751174,638.0,UNRESOLVED,1.0,False,False,1.0,0.0
start_06,RIGHT,8,4.0,12115,0.8875,0.004694835680751174,638.0,UNRESOLVED,1.0,False,False,1.0,0.0
start_07,LEFT,0,0.0,12119,0.8875,0.004694835680751174,1.0,UNRESOLVED,1.0,False,False,1.0,0.0
start_07,LEFT,1,0.5,12123,0.8875,0.004694835680751174,1.0,UNRESOLVED,1.0,False,False,1.0,0.0
start_07,LEFT,2,1.0,12127,0.8875,0.004694835680751174,1.0,UNRESOLVED,1.0,False,False,1.0,0.0
start_07,LEFT,3,1.5,12131,0.8801432291666667,1.0,5.0,PHYSICAL_TERMINATION,5.0,True,False,1.0,1.0
start_07,LEFT,4,2.0,12135,0.8689322916666666,1.0,13.0,PHYSICAL_TERMINATION,13.0,True,False,1.0,1.0
start_07,LEFT,5,2.5,12139,0.8572005208333333,1.0,21.0,PHYSICAL_TERMINATION,21.0,True,True,1.0,1.0
start_07,LEFT,6,3.0,12143,0.8459798177083333,1.0,30.0,PHYSICAL_TERMINATION,30.0,True,True,1.0,1.0
start_07,LEFT,7,3.5,12147,0.8347819010416667,1.0,38.0,PHYSICAL_TERMINATION,38.0,True,True,1.0,1.0
start_07,LEFT,8,4.0,12151,0.8235677083333334,1.0,47.0,PHYSICAL_TERMINATION,47.0,True,True,1.0,1.0
start_07,RIGHT,0,0.0,12119,0.8875,0.004694835680751174,638.0,UNRESOLVED,1.0,False,False,1.0,0.0
start_07,RIGHT,1,0.5,12155,0.8875,0.004694835680751174,638.0,UNRESOLVED,1.0,False,False,1.0,0.0
start_07,RIGHT,2,1.0,12159,0.8875,0.004694835680751174,638.0,UNRESOLVED,1.0,False,False,1.0,0.0
start_07,RIGHT,3,1.5,12163,0.8875,0.004694835680751174,638.0,UNRESOLVED,1.0,False,False,1.0,0.0
start_07,RIGHT,4,2.0,12167,0.8875,0.004694835680751174,638.0,UNRESOLVED,1.0,False,False,1.0,0.0
start_07,RIGHT,5,2.5,12171,0.8875,0.004694835680751174,638.0,UNRESOLVED,1.0,False,False,1.0,0.0
start_07,RIGHT,6,3.0,12175,0.8875,0.004694835680751174,638.0,UNRESOLVED,1.0,False,False,1.0,0.0
start_07,RIGHT,7,3.5,12179,0.8875,0.004694835680751174,638.0,UNRESOLVED,1.0,False,False,1.0,0.0
start_07,RIGHT,8,4.0,12183,0.8875,0.004694835680751174,638.0,UNRESOLVED,1.0,False,False,1.0,0.0
start_08,LEFT,0,0.0,12187,0.8875,0.004694835680751174,1.0,UNRESOLVED,1.0,False,False,1.0,0.0
start_08,LEFT,1,0.5,12191,0.8875,0.004694835680751174,1.0,UNRESOLVED,1.0,False,False,1.0,0.0
start_08,LEFT,2,1.0,12195,0.8875,0.004694835680751174,1.0,UNRESOLVED,1.0,False,False,1.0,0.0
start_08,LEFT,3,1.5,12199,0.8875,0.004694835680751174,1.0,UNRESOLVED,1.0,False,False,1.0,0.0
start_08,LEFT,4,2.0,12203,0.8875,0.004694835680751174,1.0,UNRESOLVED,1.0,False,False,1.0,0.0
start_08,LEFT,5,2.5,12207,0.8875,0.004694835680751174,1.0,UNRESOLVED,1.0,False,False,1.0,0.0
start_08,LEFT,6,3.0,12211,0.8875,0.004694835680751174,1.0,UNRESOLVED,1.0,False,False,1.0,0.0
start_08,LEFT,7,3.5,12215,0.8875,0.004694835680751174,1.0,UNRESOLVED,1.0,False,False,1.0,0.0
start_08,LEFT,8,4.0,12219,0.8875,0.004694835680751174,1.0,UNRESOLVED,1.0,False,False,1.0,0.0
start_08,RIGHT,0,0.0,12187,0.8875,0.004694835680751174,638.0,UNRESOLVED,1.0,False,False,1.0,0.0
start_08,RIGHT,1,0.5,12223,0.8875,0.004694835680751174,638.0,UNRESOLVED,1.0,False,False,1.0,0.0
start_08,RIGHT,2,1.0,12227,0.8875,0.004694835680751174,638.0,UNRESOLVED,1.0,False,False,1.0,0.0
start_08,RIGHT,3,1.5,12231,0.8875,0.004694835680751174,638.0,UNRESOLVED,1.0,False,False,1.0,0.0
start_08,RIGHT,4,2.0,12235,0.8875,0.004694835680751174,638.0,UNRESOLVED,1.0,False,False,1.0,0.0
start_08,RIGHT,5,2.5,12239,0.88611328125,1.0,623.0,UNRESOLVED,16.0,False,False,1.0,0.0
start_08,RIGHT,6,3.0,12243,0.8875,0.004694835680751174,638.0,UNRESOLVED,1.0,False,False,1.0,0.0
start_08,RIGHT,7,3.5,12247,0.8864192708333334,0.42488262910798125,637.0,UNRESOLVED,2.0,False,False,1.0,0.9226519337016574
start_08,RIGHT,8,4.0,12251,0.8752962239583333,1.0,631.0,PHYSICAL_TERMINATION,8.0,True,False,1.0,1.0
start_09,LEFT,0,0.0,12255,0.8875,0.004694835680751174,1.0,UNRESOLVED,1.0,False,False,1.0,0.0
start_09,LEFT,1,0.5,12259,0.8875,0.004694835680751174,1.0,UNRESOLVED,1.0,False,False,1.0,0.0
start_09,LEFT,2,1.0,12263,0.8875,0.004694835680751174,1.0,UNRESOLVED,1.0,False,False,1.0,0.0
start_09,LEFT,3,1.5,12267,0.8875,0.004694835680751174,1.0,UNRESOLVED,1.0,False,False,1.0,0.0
start_09,LEFT,4,2.0,12271,0.8875,0.004694835680751174,1.0,UNRESOLVED,1.0,False,False,1.0,0.0
start_09,LEFT,5,2.5,12275,0.8875,0.004694835680751174,1.0,UNRESOLVED,1.0,False,False,1.0,0.0
start_09,LEFT,6,3.0,12279,0.8875,0.004694835680751174,1.0,UNRESOLVED,1.0,False,False,1.0,0.0
start_09,LEFT,7,3.5,12283,0.8875,0.004694835680751174,1.0,UNRESOLVED,1.0,False,False,1.0,0.0
start_09,LEFT,8,4.0,12287,0.88421875,1.0,2.0,PHYSICAL_TERMINATION,2.0,True,False,1.0,1.0
start_09,RIGHT,0,0.0,12255,0.8875,0.004694835680751174,638.0,UNRESOLVED,1.0,False,False,1.0,0.0
start_09,RIGHT,1,0.5,12291,0.8875,0.004694835680751174,638.0,UNRESOLVED,1.0,False,False,1.0,0.0
start_09,RIGHT,2,1.0,12295,0.8875,0.004694835680751174,638.0,UNRESOLVED,1.0,False,False,1.0,0.0
start_09,RIGHT,3,1.5,12299,0.8875,0.004694835680751174,638.0,UNRESOLVED,1.0,False,False,1.0,0.0
start_09,RIGHT,4,2.0,12303,0.8875,0.004694835680751174,638.0,UNRESOLVED,1.0,False,False,1.0,0.0
start_09,RIGHT,5,2.5,12307,0.8875,0.004694835680751174,638.0,UNRESOLVED,1.0,False,False,1.0,0.0
start_09,RIGHT,6,3.0,12311,0.8875,0.004694835680751174,638.0,UNRESOLVED,1.0,False,False,1.0,0.0
start_09,RIGHT,7,3.5,12315,0.8875,0.004694835680751174,638.0,UNRESOLVED,1.0,False,False,1.0,0.0
start_09,RIGHT,8,4.0,12319,0.886962890625,0.42018779342723006,638.0,UNRESOLVED,1.0,False,False,1.0,0.9217877094972067
start_10,LEFT,0,0.0,12323,0.8875,0.004694835680751174,1.0,UNRESOLVED,1.0,False,False,1.0,0.0
start_10,LEFT,1,0.5,12327,0.8875,0.004694835680751174,1.0,UNRESOLVED,1.0,False,False,1.0,0.0
start_10,LEFT,2,1.0,12331,0.8875,0.004694835680751174,1.0,UNRESOLVED,1.0,False,False,1.0,0.0
start_10,LEFT,3,1.5,12335,0.8875,0.004694835680751174,1.0,UNRESOLVED,1.0,False,False,1.0,0.0
start_10,LEFT,4,2.0,12339,0.8875,0.004694835680751174,1.0,UNRESOLVED,1.0,False,False,1.0,0.0
start_10,LEFT,5,2.5,12343,0.8875,0.004694835680751174,1.0,UNRESOLVED,1.0,False,False,1.0,0.0
start_10,LEFT,6,3.0,12347,0.8875,0.004694835680751174,1.0,UNRESOLVED,1.0,False,False,1.0,0.0
start_10,LEFT,7,3.5,12351,0.8875,0.004694835680751174,1.0,UNRESOLVED,1.0,False,False,1.0,0.0
start_10,LEFT,8,4.0,12355,0.8875,0.004694835680751174,1.0,UNRESOLVED,1.0,False,False,1.0,0.0
start_10,RIGHT,0,0.0,12323,0.8875,0.004694835680751174,638.0,UNRESOLVED,1.0,False,False,1.0,0.0
start_10,RIGHT,1,0.5,12359,0.8875,0.004694835680751174,638.0,UNRESOLVED,1.0,False,False,1.0,0.0
start_10,RIGHT,2,1.0,12363,0.8875,0.004694835680751174,638.0,UNRESOLVED,1.0,False,False,1.0,0.0
start_10,RIGHT,3,1.5,12367,0.8875,0.004694835680751174,638.0,UNRESOLVED,1.0,False,False,1.0,0.0
start_10,RIGHT,4,2.0,12371,0.8875,0.004694835680751174,638.0,UNRESOLVED,1.0,False,False,1.0,0.0
start_10,RIGHT,5,2.5,12375,0.8875,0.004694835680751174,638.0,UNRESOLVED,1.0,False,False,1.0,0.0
start_10,RIGHT,6,3.0,12379,0.8875,0.004694835680751174,638.0,UNRESOLVED,1.0,False,False,1.0,0.0
start_10,RIGHT,7,3.5,12383,0.8875,0.004694835680751174,638.0,UNRESOLVED,1.0,False,False,1.0,0.0
start_10,RIGHT,8,4.0,12387,0.8780826822916666,1.0,633.0,PHYSICAL_TERMINATION,6.0,True,False,1.0,1.0
start_11,LEFT,0,0.0,12391,0.8875,0.004694835680751174,1.0,UNRESOLVED,1.0,False,False,1.0,0.0
start_11,LEFT,1,0.5,12395,0.8875,0.004694835680751174,1.0,UNRESOLVED,1.0,False,False,1.0,0.0
start_11,LEFT,2,1.0,12399,0.8875,0.004694835680751174,1.0,UNRESOLVED,1.0,False,False,1.0,0.0
start_11,LEFT,3,1.5,12403,0.8875,0.004694835680751174,1.0,UNRESOLVED,1.0,False,False,1.0,0.0
start_11,LEFT,4,2.0,12407,0.8875,0.004694835680751174,1.0,UNRESOLVED,1.0,False,False,1.0,0.0
start_11,LEFT,5,2.5,12411,0.8875,0.004694835680751174,1.0,UNRESOLVED,1.0,False,False,1.0,0.0
start_11,LEFT,6,3.0,12415,0.8875,0.004694835680751174,1.0,UNRESOLVED,1.0,False,False,1.0,0.0
start_11,LEFT,7,3.5,12419,0.8875,0.004694835680751174,1.0,UNRESOLVED,1.0,False,False,1.0,0.0
start_11,LEFT,8,4.0,12423,0.8875,0.004694835680751174,1.0,UNRESOLVED,1.0,False,False,1.0,0.0
start_11,RIGHT,0,0.0,12391,0.8875,0.004694835680751174,638.0,UNRESOLVED,1.0,False,False,1.0,0.0
start_11,RIGHT,1,0.5,12427,0.8875,0.004694835680751174,638.0,UNRESOLVED,1.0,False,False,1.0,0.0
start_11,RIGHT,2,1.0,12431,0.8875,0.004694835680751174,638.0,UNRESOLVED,1.0,False,False,1.0,0.0
start_11,RIGHT,3,1.5,12435,0.8875,0.004694835680751174,638.0,UNRESOLVED,1.0,False,False,1.0,0.0
start_11,RIGHT,4,2.0,12439,0.8875,0.004694835680751174,638.0,UNRESOLVED,1.0,False,False,1.0,0.0
start_11,RIGHT,5,2.5,12443,0.8875,0.004694835680751174,638.0,UNRESOLVED,1.0,False,False,1.0,0.0
start_11,RIGHT,6,3.0,12447,0.8875,0.004694835680751174,638.0,UNRESOLVED,1.0,False,False,1.0,0.0
start_11,RIGHT,7,3.5,12451,0.886416015625,0.4272300469483568,637.0,UNRESOLVED,2.0,False,False,1.0,0.9230769230769231
start_11,RIGHT,8,4.0,12455,0.875244140625,1.0,631.0,PHYSICAL_TERMINATION,8.0,True,False,1.0,1.0
start_12,LEFT,0,0.0,12459,0.8875,0.004694835680751174,1.0,UNRESOLVED,1.0,False,False,1.0,0.0
start_12,LEFT,1,0.5,12463,0.8875,0.004694835680751174,1.0,UNRESOLVED,1.0,False,False,1.0,0.0
start_12,LEFT,2,1.0,12467,0.8875,0.004694835680751174,1.0,UNRESOLVED,1.0,False,False,1.0,0.0
start_12,LEFT,3,1.5,12471,0.8875,0.004694835680751174,1.0,UNRESOLVED,1.0,False,False,1.0,0.0
start_12,LEFT,4,2.0,12475,0.8875,0.004694835680751174,1.0,UNRESOLVED,1.0,False,False,1.0,0.0
start_12,LEFT,5,2.5,12479,0.8875,0.004694835680751174,1.0,UNRESOLVED,1.0,False,False,1.0,0.0
start_12,LEFT,6,3.0,12483,0.8875,0.004694835680751174,1.0,UNRESOLVED,1.0,False,False,1.0,0.0
start_12,LEFT,7,3.5,12487,0.8875,0.004694835680751174,1.0,UNRESOLVED,1.0,False,False,1.0,0.0
start_12,LEFT,8,4.0,12491,0.8875,0.004694835680751174,1.0,UNRESOLVED,1.0,False,False,1.0,0.0
start_12,RIGHT,0,0.0,12459,0.8875,0.004694835680751174,638.0,UNRESOLVED,1.0,False,False,1.0,0.0
start_12,RIGHT,1,0.5,12495,0.8875,0.004694835680751174,638.0,UNRESOLVED,1.0,False,False,1.0,0.0
start_12,RIGHT,2,1.0,12499,0.8875,0.004694835680751174,638.0,UNRESOLVED,1.0,False,False,1.0,0.0
start_12,RIGHT,3,1.5,12503,0.8875,0.004694835680751174,638.0,UNRESOLVED,1.0,False,False,1.0,0.0
start_12,RIGHT,4,2.0,12507,0.8842545572916667,1.0,637.0,PHYSICAL_TERMINATION,2.0,True,False,1.0,1.0
start_12,RIGHT,5,2.5,12511,0.8730989583333333,1.0,629.0,PHYSICAL_TERMINATION,10.0,True,False,1.0,1.0
start_12,RIGHT,6,3.0,12515,0.8613444010416667,1.0,621.0,PHYSICAL_TERMINATION,18.0,True,True,1.0,1.0
start_12,RIGHT,7,3.5,12519,0.8501204427083333,1.0,612.0,PHYSICAL_TERMINATION,27.0,True,True,1.0,1.0
start_12,RIGHT,8,4.0,12523,0.838916015625,1.0,604.0,PHYSICAL_TERMINATION,35.0,True,True,1.0,1.0
start_13,LEFT,0,0.0,12527,0.8875,0.004694835680751174,1.0,UNRESOLVED,1.0,False,False,1.0,0.0
start_13,LEFT,1,0.5,12531,0.8875,0.004694835680751174,1.0,UNRESOLVED,1.0,False,False,1.0,0.0
start_13,LEFT,2,1.0,12535,0.8875,0.004694835680751174,1.0,UNRESOLVED,1.0,False,False,1.0,0.0
start_13,LEFT,3,1.5,12539,0.8875,0.004694835680751174,1.0,UNRESOLVED,1.0,False,False,1.0,0.0
start_13,LEFT,4,2.0,12543,0.8875,0.004694835680751174,1.0,UNRESOLVED,1.0,False,False,1.0,0.0
start_13,LEFT,5,2.5,12547,0.8875,0.004694835680751174,1.0,UNRESOLVED,1.0,False,False,1.0,0.0
start_13,LEFT,6,3.0,12551,0.8875,0.004694835680751174,1.0,UNRESOLVED,1.0,False,False,1.0,0.0
start_13,LEFT,7,3.5,12555,0.8875,0.004694835680751174,1.0,UNRESOLVED,1.0,False,False,1.0,0.0
start_13,LEFT,8,4.0,12559,0.8875,0.004694835680751174,1.0,UNRESOLVED,1.0,False,False,1.0,0.0
start_13,RIGHT,0,0.0,12527,0.8875,0.004694835680751174,638.0,UNRESOLVED,1.0,False,False,1.0,0.0
start_13,RIGHT,1,0.5,12563,0.8875,0.004694835680751174,638.0,UNRESOLVED,1.0,False,False,1.0,0.0
start_13,RIGHT,2,1.0,12567,0.8875,0.004694835680751174,638.0,UNRESOLVED,1.0,False,False,1.0,0.0
start_13,RIGHT,3,1.5,12571,0.8875,0.004694835680751174,638.0,UNRESOLVED,1.0,False,False,1.0,0.0
start_13,RIGHT,4,2.0,12575,0.8808723958333333,1.0,635.0,PHYSICAL_TERMINATION,4.0,True,False,1.0,1.0
start_13,RIGHT,5,2.5,12579,0.8696484375,1.0,627.0,PHYSICAL_TERMINATION,12.0,True,False,1.0,1.0
start_13,RIGHT,6,3.0,12583,0.8578515625,1.0,618.0,PHYSICAL_TERMINATION,21.0,True,False,0.6338028169014085,1.0
start_13,RIGHT,7,3.5,12587,0.84666015625,1.0,610.0,PHYSICAL_TERMINATION,29.0,True,False,0.6338028169014085,1.0
start_13,RIGHT,8,4.0,12591,0.8354915364583333,1.0,601.0,PHYSICAL_TERMINATION,38.0,True,False,0.6314553990610329,1.0
start_14,LEFT,0,0.0,12595,0.8875,0.004694835680751174,1.0,UNRESOLVED,1.0,False,False,1.0,0.0
start_14,LEFT,1,0.5,12599,0.8875,0.004694835680751174,1.0,UNRESOLVED,1.0,False,False,1.0,0.0
start_14,LEFT,2,1.0,12603,0.8875,0.004694835680751174,1.0,UNRESOLVED,1.0,False,False,1.0,0.0
start_14,LEFT,3,1.5,12607,0.8875,0.004694835680751174,1.0,UNRESOLVED,1.0,False,False,1.0,0.0
start_14,LEFT,4,2.0,12611,0.8875,0.004694835680751174,1.0,UNRESOLVED,1.0,False,False,1.0,0.0
start_14,LEFT,5,2.5,12615,0.8875,0.004694835680751174,1.0,UNRESOLVED,1.0,False,False,1.0,0.0
start_14,LEFT,6,3.0,12619,0.8875,0.004694835680751174,1.0,UNRESOLVED,1.0,False,False,1.0,0.0
start_14,LEFT,7,3.5,12623,0.8875,0.004694835680751174,1.0,UNRESOLVED,1.0,False,False,1.0,0.0
start_14,LEFT,8,4.0,12627,0.8875,0.004694835680751174,1.0,UNRESOLVED,1.0,False,False,1.0,0.0
start_14,RIGHT,0,0.0,12595,0.8875,0.004694835680751174,638.0,UNRESOLVED,1.0,False,False,1.0,0.0
start_14,RIGHT,1,0.5,12631,0.8875,0.004694835680751174,638.0,UNRESOLVED,1.0,False,False,1.0,0.0
start_14,RIGHT,2,1.0,12635,0.8875,0.004694835680751174,638.0,UNRESOLVED,1.0,False,False,1.0,0.0
start_14,RIGHT,3,1.5,12639,0.8875,0.004694835680751174,638.0,UNRESOLVED,1.0,False,False,1.0,0.0
start_14,RIGHT,4,2.0,12643,0.8875,0.004694835680751174,638.0,UNRESOLVED,1.0,False,False,1.0,0.0
start_14,RIGHT,5,2.5,12647,0.8875,0.004694835680751174,638.0,UNRESOLVED,1.0,False,False,1.0,0.0
start_14,RIGHT,6,3.0,12651,0.8780794270833333,1.0,633.0,PHYSICAL_TERMINATION,6.0,True,False,1.0,1.0
start_14,RIGHT,7,3.5,12655,0.8668229166666667,1.0,624.0,PHYSICAL_TERMINATION,15.0,True,False,1.0,1.0
start_14,RIGHT,8,4.0,12659,0.855029296875,1.0,616.0,PHYSICAL_TERMINATION,23.0,True,False,0.6338028169014085,1.0
start_15,LEFT,0,0.0,12663,0.8875,0.004694835680751174,1.0,UNRESOLVED,1.0,False,False,1.0,0.0
start_15,LEFT,1,0.5,12667,0.8875,0.004694835680751174,1.0,UNRESOLVED,1.0,False,False,1.0,0.0
start_15,LEFT,2,1.0,12671,0.8875,0.004694835680751174,1.0,UNRESOLVED,1.0,False,False,1.0,0.0
start_15,LEFT,3,1.5,12675,0.8875,0.004694835680751174,1.0,UNRESOLVED,1.0,False,False,1.0,0.0
start_15,LEFT,4,2.0,12679,0.8875,0.004694835680751174,1.0,UNRESOLVED,1.0,False,False,1.0,0.0
start_15,LEFT,5,2.5,12683,0.8875,0.004694835680751174,1.0,UNRESOLVED,1.0,False,False,1.0,0.0
start_15,LEFT,6,3.0,12687,0.8875,0.004694835680751174,1.0,UNRESOLVED,1.0,False,False,1.0,0.0
start_15,LEFT,7,3.5,12691,0.8875,0.004694835680751174,1.0,UNRESOLVED,1.0,False,False,1.0,0.0
start_15,LEFT,8,4.0,12695,0.8875,0.004694835680751174,1.0,UNRESOLVED,1.0,False,False,1.0,0.0
start_15,RIGHT,0,0.0,12663,0.8875,0.004694835680751174,638.0,UNRESOLVED,1.0,False,False,1.0,0.0
start_15,RIGHT,1,0.5,12699,0.8875,0.004694835680751174,638.0,UNRESOLVED,1.0,False,False,1.0,0.0
start_15,RIGHT,2,1.0,12703,0.8875,0.004694835680751174,638.0,UNRESOLVED,1.0,False,False,1.0,0.0
start_15,RIGHT,3,1.5,12707,0.8836458333333334,1.0,637.0,PHYSICAL_TERMINATION,2.0,True,False,1.0,1.0
start_15,RIGHT,4,2.0,12711,0.8724837239583333,1.0,629.0,PHYSICAL_TERMINATION,10.0,True,False,1.0,1.0
start_15,RIGHT,5,2.5,12715,0.8612727864583334,1.0,620.0,PHYSICAL_TERMINATION,19.0,True,True,1.0,1.0
start_15,RIGHT,6,3.0,12719,0.8494856770833333,1.0,612.0,PHYSICAL_TERMINATION,27.0,True,False,0.636150234741784,1.0
start_15,RIGHT,7,3.5,12723,0.8383040364583333,1.0,604.0,PHYSICAL_TERMINATION,35.0,True,False,0.6338028169014085,1.0
start_15,RIGHT,8,4.0,12727,0.8271354166666667,1.0,595.0,PHYSICAL_TERMINATION,44.0,True,False,0.6338028169014085,1.0
start_16,LEFT,0,0.0,12731,0.8875,0.004694835680751174,1.0,UNRESOLVED,1.0,False,False,1.0,0.0
start_16,LEFT,1,0.5,12735,0.8875,0.004694835680751174,1.0,UNRESOLVED,1.0,False,False,1.0,0.0
start_16,LEFT,2,1.0,12739,0.8875,0.004694835680751174,1.0,UNRESOLVED,1.0,False,False,1.0,0.0
start_16,LEFT,3,1.5,12743,0.8875,0.004694835680751174,1.0,UNRESOLVED,1.0,False,False,1.0,0.0
start_16,LEFT,4,2.0,12747,0.8875,0.004694835680751174,1.0,UNRESOLVED,1.0,False,False,1.0,0.0
start_16,LEFT,5,2.5,12751,0.8875,0.004694835680751174,1.0,UNRESOLVED,1.0,False,False,1.0,0.0
start_16,LEFT,6,3.0,12755,0.8875,0.004694835680751174,1.0,UNRESOLVED,1.0,False,False,1.0,0.0
start_16,LEFT,7,3.5,12759,0.8875,0.004694835680751174,1.0,UNRESOLVED,1.0,False,False,1.0,0.0
start_16,LEFT,8,4.0,12763,0.8875,0.004694835680751174,1.0,UNRESOLVED,1.0,False,False,1.0,0.0
start_16,RIGHT,0,0.0,12731,0.8875,0.004694835680751174,638.0,UNRESOLVED,1.0,False,False,1.0,0.0
start_16,RIGHT,1,0.5,12767,0.8875,0.004694835680751174,638.0,UNRESOLVED,1.0,False,False,1.0,0.0
start_16,RIGHT,2,1.0,12771,0.8875,0.004694835680751174,638.0,UNRESOLVED,1.0,False,False,1.0,0.0
start_16,RIGHT,3,1.5,12775,0.8869694010416667,0.4154929577464789,638.0,UNRESOLVED,1.0,False,False,1.0,0.9209039548022598
start_16,RIGHT,4,2.0,12779,0.8773795572916666,1.0,632.0,PHYSICAL_TERMINATION,7.0,True,False,1.0,1.0
start_16,RIGHT,5,2.5,12783,0.8661686197916667,1.0,624.0,PHYSICAL_TERMINATION,15.0,True,False,1.0,1.0
start_16,RIGHT,6,3.0,12787,0.8544108072916666,1.0,616.0,PHYSICAL_TERMINATION,23.0,True,True,1.0,1.0
start_16,RIGHT,7,3.5,12791,0.8432063802083334,1.0,607.0,PHYSICAL_TERMINATION,32.0,True,True,1.0,1.0
start_16,RIGHT,8,4.0,12795,0.8319921875,1.0,599.0,PHYSICAL_TERMINATION,40.0,True,True,1.0,1.0
start_17,LEFT,0,0.0,12799,0.8875,0.004694835680751174,1.0,UNRESOLVED,1.0,False,False,1.0,0.0
start_17,LEFT,1,0.5,12803,0.8875,0.004694835680751174,1.0,UNRESOLVED,1.0,False,False,1.0,0.0
start_17,LEFT,2,1.0,12807,0.8875,0.004694835680751174,1.0,UNRESOLVED,1.0,False,False,1.0,0.0
start_17,LEFT,3,1.5,12811,0.8875,0.004694835680751174,1.0,UNRESOLVED,1.0,False,False,1.0,0.0
start_17,LEFT,4,2.0,12815,0.8875,0.004694835680751174,1.0,UNRESOLVED,1.0,False,False,1.0,0.0
start_17,LEFT,5,2.5,12819,0.8875,0.004694835680751174,1.0,UNRESOLVED,1.0,False,False,1.0,0.0
start_17,LEFT,6,3.0,12823,0.8875,0.004694835680751174,1.0,UNRESOLVED,1.0,False,False,1.0,0.0
start_17,LEFT,7,3.5,12827,0.8875,0.004694835680751174,1.0,UNRESOLVED,1.0,False,False,1.0,0.0
start_17,LEFT,8,4.0,12831,0.8875,0.004694835680751174,1.0,UNRESOLVED,1.0,False,False,1.0,0.0
start_17,RIGHT,0,0.0,12799,0.8875,0.004694835680751174,638.0,UNRESOLVED,1.0,False,False,1.0,0.0
start_17,RIGHT,1,0.5,12835,0.8875,0.004694835680751174,638.0,UNRESOLVED,1.0,False,False,1.0,0.0
start_17,RIGHT,2,1.0,12839,0.8875,0.004694835680751174,638.0,UNRESOLVED,1.0,False,False,1.0,0.0
start_17,RIGHT,3,1.5,12843,0.8875,0.004694835680751174,638.0,UNRESOLVED,1.0,False,False,1.0,0.0
start_17,RIGHT,4,2.0,12847,0.8858756510416667,0.431924882629108,636.0,PHYSICAL_TERMINATION,3.0,True,False,1.0,0.9239130434782609
start_17,RIGHT,5,2.5,12851,0.874609375,1.0,630.0,PHYSICAL_TERMINATION,9.0,True,False,1.0,1.0
start_17,RIGHT,6,3.0,12855,0.86208984375,1.0,622.0,PHYSICAL_TERMINATION,17.0,True,True,1.0,1.0
start_17,RIGHT,7,3.5,12859,0.8516341145833334,1.0,614.0,PHYSICAL_TERMINATION,25.0,True,True,1.0,1.0
start_17,RIGHT,8,4.0,12863,0.8404231770833334,1.0,605.0,PHYSICAL_TERMINATION,34.0,True,True,1.0,1.0
start_18,LEFT,0,0.0,12867,0.8875,0.004694835680751174,1.0,UNRESOLVED,1.0,False,False,1.0,0.0
start_18,LEFT,1,0.5,12871,0.8875,0.004694835680751174,1.0,UNRESOLVED,1.0,False,False,1.0,0.0
start_18,LEFT,2,1.0,12875,0.8875,0.004694835680751174,1.0,UNRESOLVED,1.0,False,False,1.0,0.0
start_18,LEFT,3,1.5,12879,0.8875,0.004694835680751174,1.0,UNRESOLVED,1.0,False,False,1.0,0.0
start_18,LEFT,4,2.0,12883,0.8875,0.004694835680751174,1.0,UNRESOLVED,1.0,False,False,1.0,0.0
start_18,LEFT,5,2.5,12887,0.8875,0.004694835680751174,1.0,UNRESOLVED,1.0,False,False,1.0,0.0
start_18,LEFT,6,3.0,12891,0.8875,0.004694835680751174,1.0,UNRESOLVED,1.0,False,False,1.0,0.0
start_18,LEFT,7,3.5,12895,0.8875,0.004694835680751174,1.0,UNRESOLVED,1.0,False,False,1.0,0.0
start_18,LEFT,8,4.0,12899,0.8875,0.004694835680751174,1.0,UNRESOLVED,1.0,False,False,1.0,0.0
start_18,RIGHT,0,0.0,12867,0.8875,0.004694835680751174,638.0,UNRESOLVED,1.0,False,False,1.0,0.0
start_18,RIGHT,1,0.5,12903,0.8875,0.004694835680751174,638.0,UNRESOLVED,1.0,False,False,1.0,0.0
start_18,RIGHT,2,1.0,12907,0.8875,0.004694835680751174,638.0,UNRESOLVED,1.0,False,False,1.0,0.0
start_18,RIGHT,3,1.5,12911,0.8875,0.004694835680751174,638.0,UNRESOLVED,1.0,False,False,1.0,0.0
start_18,RIGHT,4,2.0,12915,0.8875,0.004694835680751174,638.0,UNRESOLVED,1.0,False,False,1.0,0.0
start_18,RIGHT,5,2.5,12919,0.886962890625,0.42018779342723006,638.0,UNRESOLVED,1.0,False,False,1.0,0.9217877094972067
start_18,RIGHT,6,3.0,12923,0.8772428385416666,1.0,632.0,PHYSICAL_TERMINATION,7.0,True,False,1.0,1.0
start_18,RIGHT,7,3.5,12927,0.8655305989583333,1.0,624.0,PHYSICAL_TERMINATION,15.0,True,False,1.0,1.0
start_18,RIGHT,8,4.0,12931,0.8543131510416667,1.0,615.0,PHYSICAL_TERMINATION,24.0,True,True,1.0,1.0
start_19,LEFT,0,0.0,12935,0.8875,0.004694835680751174,1.0,UNRESOLVED,1.0,False,False,1.0,0.0
start_19,LEFT,1,0.5,12939,0.8875,0.004694835680751174,1.0,UNRESOLVED,1.0,False,False,1.0,0.0
start_19,LEFT,2,1.0,12943,0.8875,0.004694835680751174,1.0,UNRESOLVED,1.0,False,False,1.0,0.0
start_19,LEFT,3,1.5,12947,0.8875,0.004694835680751174,1.0,UNRESOLVED,1.0,False,False,1.0,0.0
start_19,LEFT,4,2.0,12951,0.8875,0.004694835680751174,1.0,UNRESOLVED,1.0,False,False,1.0,0.0
start_19,LEFT,5,2.5,12955,0.8875,0.004694835680751174,1.0,UNRESOLVED,1.0,False,False,1.0,0.0
start_19,LEFT,6,3.0,12959,0.8875,0.004694835680751174,1.0,UNRESOLVED,1.0,False,False,1.0,0.0
start_19,LEFT,7,3.5,12963,0.8875,0.004694835680751174,1.0,UNRESOLVED,1.0,False,False,1.0,0.0
start_19,LEFT,8,4.0,12967,0.8875,0.004694835680751174,1.0,UNRESOLVED,1.0,False,False,1.0,0.0
start_19,RIGHT,0,0.0,12935,0.8875,0.004694835680751174,638.0,UNRESOLVED,1.0,False,False,1.0,0.0
start_19,RIGHT,1,0.5,12971,0.8875,0.004694835680751174,638.0,UNRESOLVED,1.0,False,False,1.0,0.0
start_19,RIGHT,2,1.0,12975,0.8875,0.004694835680751174,638.0,UNRESOLVED,1.0,False,False,1.0,0.0
start_19,RIGHT,3,1.5,12979,0.8875,0.004694835680751174,638.0,UNRESOLVED,1.0,False,False,1.0,0.0
start_19,RIGHT,4,2.0,12983,0.883642578125,1.0,637.0,PHYSICAL_TERMINATION,2.0,True,False,1.0,1.0
start_19,RIGHT,5,2.5,12987,0.8724153645833334,1.0,629.0,PHYSICAL_TERMINATION,10.0,True,False,1.0,1.0
start_19,RIGHT,6,3.0,12991,0.86119140625,1.0,620.0,PHYSICAL_TERMINATION,19.0,True,True,1.0,1.0
start_19,RIGHT,7,3.5,12995,0.8494303385416667,1.0,612.0,PHYSICAL_TERMINATION,27.0,True,False,0.6338028169014085,1.0
start_19,RIGHT,8,4.0,12999,0.8382584635416667,1.0,603.0,PHYSICAL_TERMINATION,36.0,True,False,0.6314553990610329,1.0
