rank_key,left_index,right_index,left_trajectory,right_trajectory,left_step,right_step,remaining_distance_gap_m,cross_direction,raw_ssim,phase_aligned_ssim,phase_shift_px,hog_cosine,color_histogram_distance
0.9998166498923406,0,10,surface_sigma/MASK-1/10m/LEFT,surface_sigma/MASK-1/10m/RIGHT,0,0,0.0,True,0.9998166498923406,0.9998166498923406,0.0018477299670645482,0.9995509555872187,0.008308511227369308
0.9813542855000796,14,15,surface_sigma/MASK-1/10m/RIGHT,surface_sigma/MASK-1/10m/RIGHT,4,5,0.5,False,0.14120331736467995,0.9813542855000796,7.332414281603358,0.9587266059577513,0.0044311522506177425
0.9807193770103222,1,2,surface_sigma/MASK-1/10m/LEFT,surface_sigma/MASK-1/10m/LEFT,1,2,0.5,False,0.16835365864439714,0.9807193770103222,7.444250164194082,0.9648972685789633,0.006736651994287968
0.9793434743479211,5,6,surface_sigma/MASK-1/10m/LEFT,surface_sigma/MASK-1/10m/LEFT,5,6,0.5,False,0.158904925762034,0.9793434743479211,7.381065161829568,0.9587658428481884,0.0053139240480959415
0.9774438067177007,16,17,surface_sigma/MASK-1/10m/RIGHT,surface_sigma/MASK-1/10m/RIGHT,6,7,0.5,False,0.15959242891810732,0.9774438067177007,7.361647420404075,0.9609349889411914,0.005096436012536287
0.9766141816895064,15,16,surface_sigma/MASK-1/10m/RIGHT,surface_sigma/MASK-1/10m/RIGHT,5,6,0.5,False,0.16186019850714317,0.9766141816895064,7.241560615766498,0.9417490214483012,0.004752196371555328
0.974986917838077,3,4,surface_sigma/MASK-1/10m/LEFT,surface_sigma/MASK-1/10m/LEFT,3,4,0.5,False,0.1704130545051723,0.974986917838077,7.4103312269832955,0.9255982616317464,0.004552002996206284
0.9744914007969753,11,12,surface_sigma/MASK-1/10m/RIGHT,surface_sigma/MASK-1/10m/RIGHT,1,2,0.5,False,0.15315826744411362,0.9744914007969753,7.3350838671353795,0.9711095505970057,0.006245524622499943
0.9739696393777998,1,11,surface_sigma/MASK-1/10m/LEFT,surface_sigma/MASK-1/10m/RIGHT,1,1,0.0,True,0.13160262999971584,0.9739696393777998,14.787441100735077,0.9490504729079685,0.00776102626696229
0.9737128850253145,14,16,surface_sigma/MASK-1/10m/RIGHT,surface_sigma/MASK-1/10m/RIGHT,4,6,1.0,False,0.12739936415728528,0.9737128850253145,14.688309187524842,0.9474759725816969,0.0076704914681613445
0.9700678195389826,2,4,surface_sigma/MASK-1/10m/LEFT,surface_sigma/MASK-1/10m/LEFT,2,4,1.0,False,0.12776984819397336,0.9700678195389826,14.647841967150203,0.9391890323299988,0.008806358091533184
0.96117088674339,12,13,surface_sigma/MASK-1/10m/RIGHT,surface_sigma/MASK-1/10m/RIGHT,2,3,0.5,False,0.1500266236822419,0.96117088674339,7.331857989762279,0.9610159695233993,0.005550130270421505
0.9581101107975256,11,13,surface_sigma/MASK-1/10m/RIGHT,surface_sigma/MASK-1/10m/RIGHT,1,3,1.0,False,0.12279865170285227,0.9581101107975256,14.76025876626133,0.9615123161874298,0.010355224832892418
0.9574509888537855,17,19,surface_sigma/MASK-1/10m/RIGHT,surface_sigma/MASK-1/10m/RIGHT,7,9,1.0,False,0.11033364863161665,0.9574509888537855,14.81003519033861,0.9489073561431183,0.007946370169520378
0.9559569370089529,10,11,surface_sigma/MASK-1/10m/RIGHT,surface_sigma/MASK-1/10m/RIGHT,0,1,0.5,False,0.15818797467580006,0.9559569370089529,7.385156235542711,0.9450669365002154,0.009808755479753017
0.9558827033894124,17,18,surface_sigma/MASK-1/10m/RIGHT,surface_sigma/MASK-1/10m/RIGHT,7,8,0.5,False,0.15553270295313865,0.9558827033894124,7.342020885497339,0.9820857437227243,0.003773193806409836
0.9558593590600344,0,11,surface_sigma/MASK-1/10m/LEFT,surface_sigma/MASK-1/10m/RIGHT,0,1,0.5,True,0.1577290185703824,0.9558593590600344,7.3839110224531055,0.9451591431927429,0.0050781238824129105
0.954673437359427,18,19,surface_sigma/MASK-1/10m/RIGHT,surface_sigma/MASK-1/10m/RIGHT,8,9,0.5,False,0.16309513113579188,0.954673437359427,7.473739276075721,0.9437964241895865,0.005124715156853199
0.9540730515308187,0,1,surface_sigma/MASK-1/10m/LEFT,surface_sigma/MASK-1/10m/LEFT,0,1,0.5,False,0.1725664194452093,0.9540730515308187,7.427780814411938,0.9410127976539833,0.008515829220414162
0.9539823275783408,1,4,surface_sigma/MASK-1/10m/LEFT,surface_sigma/MASK-1/10m/LEFT,1,4,1.5,False,0.06978195111080343,0.9539823275783408,22.104002858632175,0.9276747646141309,0.014163412153720856
0.9539091563118565,15,17,surface_sigma/MASK-1/10m/RIGHT,surface_sigma/MASK-1/10m/RIGHT,5,7,1.0,False,0.12341170801707037,0.9539091563118565,14.71089045043604,0.951349961564196,0.00830383226275444
0.9534633712040078,2,3,surface_sigma/MASK-1/10m/LEFT,surface_sigma/MASK-1/10m/LEFT,2,3,0.5,False,0.16296291817339828,0.9534633712040078,7.386528643673439,0.9835290109330301,0.0053139254450798035
0.9519261554757701,4,5,surface_sigma/MASK-1/10m/LEFT,surface_sigma/MASK-1/10m/LEFT,4,5,0.5,False,0.15972872688217032,0.9519261554757701,7.476947074336577,0.9424783916449837,0.004644164349883795
0.9501707595917678,1,10,surface_sigma/MASK-1/10m/LEFT,surface_sigma/MASK-1/10m/RIGHT,1,0,0.5,True,0.17261989799678107,0.9501707595917678,7.432383369960292,0.9408639154855003,0.015309651382267475
0.9490149640636907,16,18,surface_sigma/MASK-1/10m/RIGHT,surface_sigma/MASK-1/10m/RIGHT,6,8,1.0,False,0.12185321791739197,0.9490149640636907,14.744296204829176,0.9465901997800772,0.008333129808306694
0.9465732571676656,13,16,surface_sigma/MASK-1/10m/RIGHT,surface_sigma/MASK-1/10m/RIGHT,3,6,1.5,False,0.06668140661735265,0.9465732571676656,22.02787303058832,0.9478765158382433,0.011260578408837318
0.9463299702824792,4,6,surface_sigma/MASK-1/10m/LEFT,surface_sigma/MASK-1/10m/LEFT,4,6,1.0,False,0.1320271715684195,0.9463299702824792,14.726561277170953,0.9380401543797252,0.008439329452812672
0.9451293761033542,13,15,surface_sigma/MASK-1/10m/RIGHT,surface_sigma/MASK-1/10m/RIGHT,3,5,1.0,False,0.12134643730313716,0.9451293761033542,14.707200443361362,0.962157545052397,0.008026122115552425
0.9447574429076823,13,14,surface_sigma/MASK-1/10m/RIGHT,surface_sigma/MASK-1/10m/RIGHT,3,4,0.5,False,0.1381403543125789,0.9447574429076823,7.360577814265101,0.9694742441966732,0.00484822504222393
0.9434404814413853,2,10,surface_sigma/MASK-1/10m/LEFT,surface_sigma/MASK-1/10m/RIGHT,2,0,1.0,True,0.12301210264964636,0.9434404814413853,14.860348412368968,0.951034867535713,0.019230345264077187
0.9414419558888831,2,11,surface_sigma/MASK-1/10m/LEFT,surface_sigma/MASK-1/10m/RIGHT,2,1,0.5,True,0.06183399658816296,0.9414419558888831,22.23581289180166,0.9459922731663593,0.012411091476678848
0.9393138193320525,6,7,surface_sigma/MASK-1/10m/LEFT,surface_sigma/MASK-1/10m/LEFT,6,7,0.5,False,0.1592190547757862,0.9393138193320525,7.3391513642589965,0.9739325358725995,0.005124104209244251
0.9388149730291748,7,8,surface_sigma/MASK-1/10m/LEFT,surface_sigma/MASK-1/10m/LEFT,7,8,0.5,False,0.16276398324004138,0.9388149730291748,7.36136433350743,0.9393834861337405,0.004255167208611965
0.9387388960649695,16,19,surface_sigma/MASK-1/10m/RIGHT,surface_sigma/MASK-1/10m/RIGHT,6,9,1.5,False,0.08284128237619116,0.9387388960649695,22.12703317814709,0.9289546344162679,0.012552693486213684
0.9376010163000216,8,9,surface_sigma/MASK-1/10m/LEFT,surface_sigma/MASK-1/10m/LEFT,8,9,0.5,False,0.1722134629098792,0.9376010163000216,7.344558116985067,0.9574122884028529,0.004050497896969318
0.9340943715585069,14,17,surface_sigma/MASK-1/10m/RIGHT,surface_sigma/MASK-1/10m/RIGHT,4,7,1.5,False,0.06666794360660493,0.9340943715585069,22.0812191360757,0.9532107710931801,0.01182861439883709
0.9333049403661156,12,14,surface_sigma/MASK-1/10m/RIGHT,surface_sigma/MASK-1/10m/RIGHT,2,4,1.0,False,0.12569274250114537,0.9333049403661156,14.697808016975017,0.9521098493423298,0.009422607719898224
0.9300473691334974,5,7,surface_sigma/MASK-1/10m/LEFT,surface_sigma/MASK-1/10m/LEFT,5,7,1.0,False,0.13195965947574761,0.9300473691334974,14.64148287373086,0.9451011597879856,0.009683428332209587
0.9298943156148417,1,12,surface_sigma/MASK-1/10m/LEFT,surface_sigma/MASK-1/10m/RIGHT,1,2,0.5,True,0.06543318540907425,0.9298943156148417,22.284414178407893,0.9421681058427968,0.003874104470014572
0.929387713109218,15,18,surface_sigma/MASK-1/10m/RIGHT,surface_sigma/MASK-1/10m/RIGHT,5,8,1.5,False,0.0641515765764016,0.929387713109218,22.008902678569385,0.9435128286648155,0.01135457493364811
0.9288376689463481,10,12,surface_sigma/MASK-1/10m/RIGHT,surface_sigma/MASK-1/10m/RIGHT,0,2,1.0,False,0.12532089445843758,0.9288376689463481,14.760052182231517,0.9429028040098794,0.01328430138528347
0.9287663361220164,0,12,surface_sigma/MASK-1/10m/LEFT,surface_sigma/MASK-1/10m/RIGHT,0,2,1.0,True,0.12435800987157819,0.9287663361220164,14.76378942948713,0.9428002431379311,0.007470704149454832
0.9277133921577312,12,16,surface_sigma/MASK-1/10m/RIGHT,surface_sigma/MASK-1/10m/RIGHT,2,6,2.0,False,0.26991200656552394,0.9277133921577312,29.36713806397189,0.9293599732927565,0.014537149108946323
0.9275860885007305,12,15,surface_sigma/MASK-1/10m/RIGHT,surface_sigma/MASK-1/10m/RIGHT,2,5,1.5,False,0.06405787405194104,0.9275860885007305,22.084453839264906,0.9354531354035661,0.012077433988451958
0.9268901713892873,1,3,surface_sigma/MASK-1/10m/LEFT,surface_sigma/MASK-1/10m/LEFT,1,3,1.0,False,0.1277968698253794,0.9268901713892873,14.710025681261957,0.9615038274484193,0.010879110544919968
0.9223091834444962,0,2,surface_sigma/MASK-1/10m/LEFT,surface_sigma/MASK-1/10m/LEFT,0,2,1.0,False,0.12205649679458776,0.9223091834444962,14.860455125238527,0.9511333957272552,0.011951904743909836
0.9193529772960657,1,13,surface_sigma/MASK-1/10m/LEFT,surface_sigma/MASK-1/10m/RIGHT,1,3,1.0,True,0.250375625591981,0.9193529772960657,29.576864331468954,0.9319464621465997,0.004028524737805128
0.918713183138982,3,11,surface_sigma/MASK-1/10m/LEFT,surface_sigma/MASK-1/10m/RIGHT,3,1,1.0,True,0.25889744115675023,0.918713183138982,29.51307404003886,0.9405784671697924,0.0167388916015625
0.9182735406307946,14,18,surface_sigma/MASK-1/10m/RIGHT,surface_sigma/MASK-1/10m/RIGHT,4,8,2.0,False,0.28300594430836873,0.9182735406307946,29.480785459898986,0.9344377718721414,0.015001832507550716
0.9181094475122589,15,19,surface_sigma/MASK-1/10m/RIGHT,surface_sigma/MASK-1/10m/RIGHT,5,9,2.0,False,0.29192049574345685,0.9181094475122589,29.546829446621413,0.9091463262444988,0.01549479179084301
0.9175904786215745,0,13,surface_sigma/MASK-1/10m/LEFT,surface_sigma/MASK-1/10m/RIGHT,0,3,1.5,True,0.07093319143511116,0.9175904786215745,22.147110563510026,0.9418632443960183,0.010558472014963627
0.9174527738178035,10,13,surface_sigma/MASK-1/10m/RIGHT,surface_sigma/MASK-1/10m/RIGHT,0,3,1.5,False,0.07159076271437245,0.9174527738178035,22.145581107139346,0.9420991017040908,0.01720886304974556
0.9172388477058182,11,16,surface_sigma/MASK-1/10m/RIGHT,surface_sigma/MASK-1/10m/RIGHT,1,6,2.5,False,0.33738433574828464,0.9172388477058182,36.76098739973066,0.9403369293580115,0.01989949494600296
0.9165225529743541,7,9,surface_sigma/MASK-1/10m/LEFT,surface_sigma/MASK-1/10m/LEFT,7,9,1.0,False,0.13531036750326025,0.9165225529743541,14.725154923399089,0.9379014083754849,0.0071877045556902885
0.9152528631275278,3,10,surface_sigma/MASK-1/10m/LEFT,surface_sigma/MASK-1/10m/RIGHT,3,0,1.5,True,0.06196618665079244,0.9152528631275278,22.156428646443548,0.9381953715520182,0.02347005344927311
0.9125629865007983,3,5,surface_sigma/MASK-1/10m/LEFT,surface_sigma/MASK-1/10m/LEFT,3,5,1.0,False,0.13108939588419155,0.9125629865007983,14.704071472674482,0.9088089633604907,0.00823059119284153
0.9082607330710747,4,7,surface_sigma/MASK-1/10m/LEFT,surface_sigma/MASK-1/10m/LEFT,4,7,1.5,False,0.06024134498589829,0.9082607330710747,22.150766426153346,0.9320395259355301,0.012484332546591759
0.9071762087212788,2,12,surface_sigma/MASK-1/10m/LEFT,surface_sigma/MASK-1/10m/RIGHT,2,2,0.0,True,0.25041331672175465,0.9071762087212788,29.654881219744507,0.9383258207403805,0.007487183436751366
0.9064535669227808,11,14,surface_sigma/MASK-1/10m/RIGHT,surface_sigma/MASK-1/10m/RIGHT,1,4,1.5,False,0.07273102094649778,0.9064535669227808,22.039181050936726,0.9598154296673834,0.01412251777946949
0.9013918666911735,4,11,surface_sigma/MASK-1/10m/LEFT,surface_sigma/MASK-1/10m/RIGHT,4,1,1.5,True,0.306320843016938,0.9013918666911735,36.893650455266815,0.9190829597563563,0.020027466118335724
0.896261762104282,0,4,surface_sigma/MASK-1/10m/LEFT,surface_sigma/MASK-1/10m/LEFT,0,4,2.0,False,0.25476129637790806,0.896261762104282,29.550165845868204,0.8889608534634021,0.01979370228946209
0.8943932231325813,2,13,surface_sigma/MASK-1/10m/LEFT,surface_sigma/MASK-1/10m/RIGHT,2,3,0.5,True,0.3210131595331338,0.8943932231325813,37.02286355305092,0.9420935431446122,0.0036572248209267855
0.894227918015009,0,3,surface_sigma/MASK-1/10m/LEFT,surface_sigma/MASK-1/10m/LEFT,0,3,1.5,False,0.06123946786181334,0.894227918015009,22.15322264506895,0.9382501941953175,0.016536254435777664
0.8942038040262185,6,9,surface_sigma/MASK-1/10m/LEFT,surface_sigma/MASK-1/10m/LEFT,6,9,1.5,False,0.057423099333859286,0.8942038040262185,22.067831278696243,0.9419982846939398,0.010979615151882172
0.891807961045917,11,15,surface_sigma/MASK-1/10m/RIGHT,surface_sigma/MASK-1/10m/RIGHT,1,5,2.0,False,0.2854758807424015,0.891807961045917,29.523506434265563,0.9356257777214898,0.01707560196518898
0.8902123032771189,3,6,surface_sigma/MASK-1/10m/LEFT,surface_sigma/MASK-1/10m/LEFT,3,6,1.5,False,0.05659192271417667,0.8902123032771189,22.064431382929744,0.9308041239270757,0.011987712234258652
0.888542908685043,13,17,surface_sigma/MASK-1/10m/RIGHT,surface_sigma/MASK-1/10m/RIGHT,3,7,2.0,False,0.2670266235277494,0.888542908685043,29.43155385118884,0.9552554490504073,0.015560301020741463
0.8883935866308419,6,8,surface_sigma/MASK-1/10m/LEFT,surface_sigma/MASK-1/10m/LEFT,6,8,1.0,False,0.14258810131373345,0.8883935866308419,14.670971145460568,0.953162280146759,0.008235270157456398
0.8837504558359054,1,16,surface_sigma/MASK-1/10m/LEFT,surface_sigma/MASK-1/10m/RIGHT,1,6,2.5,True,0.07891992159305185,0.8837504558359054,51.73185008814738,0.9354721139665751,0.01415995229035616
0.880291457038895,4,10,surface_sigma/MASK-1/10m/LEFT,surface_sigma/MASK-1/10m/RIGHT,4,0,2.0,True,0.2548324188844185,0.880291457038895,29.550872940950075,0.8893576910136295,0.026892496272921562
0.8779859696577135,0,14,surface_sigma/MASK-1/10m/LEFT,surface_sigma/MASK-1/10m/RIGHT,0,4,2.0,True,0.26264363225851,0.8779859696577135,29.423394648778316,0.9188140780654992,0.013606363907456398
0.8775278889828748,5,11,surface_sigma/MASK-1/10m/LEFT,surface_sigma/MASK-1/10m/RIGHT,5,1,2.0,True,0.30170202337996405,0.8775278889828748,44.34891138403294,0.9168229148671738,0.023964030668139458
0.8774900939260303,3,7,surface_sigma/MASK-1/10m/LEFT,surface_sigma/MASK-1/10m/LEFT,3,7,2.0,False,0.26394221062104584,0.8774900939260303,29.3796993471299,0.9204835160954594,0.016032511368393898
0.8767844980084623,0,16,surface_sigma/MASK-1/10m/LEFT,surface_sigma/MASK-1/10m/RIGHT,0,6,3.0,True,0.26518834438299266,0.8767844980084623,44.092759610331065,0.9101291558542693,0.019350381568074226
0.8767168182190482,10,16,surface_sigma/MASK-1/10m/RIGHT,surface_sigma/MASK-1/10m/RIGHT,0,6,3.0,False,0.2654699408764339,0.8767168182190482,44.09647542282899,0.9103256127848612,0.02654174529016018
0.8755504341281343,10,14,surface_sigma/MASK-1/10m/RIGHT,surface_sigma/MASK-1/10m/RIGHT,0,4,2.0,False,0.26240964047699555,0.8755504341281343,29.422191020334424,0.9189484644152466,0.02107238583266735
0.8755483945259114,13,18,surface_sigma/MASK-1/10m/RIGHT,surface_sigma/MASK-1/10m/RIGHT,3,8,2.5,False,0.3453630771766608,0.8755483945259114,36.78089893195732,0.945053748545374,0.018588053062558174
0.8743481235425642,12,17,surface_sigma/MASK-1/10m/RIGHT,surface_sigma/MASK-1/10m/RIGHT,2,7,2.5,False,0.33906260822966483,0.8743481235425642,36.80158551645335,0.9367616856996466,0.01896870881319046
0.8725870330463645,3,12,surface_sigma/MASK-1/10m/LEFT,surface_sigma/MASK-1/10m/RIGHT,3,2,0.5,True,0.3206559577287119,0.8725870330463645,36.99894711539634,0.9256036022073362,0.01141459122300148
0.8723937014552161,5,9,surface_sigma/MASK-1/10m/LEFT,surface_sigma/MASK-1/10m/LEFT,5,9,2.0,False,0.2533039920895639,0.8723937014552161,29.32132299428246,0.9022519686292342,0.015728352591395378
0.8695845072617839,2,7,surface_sigma/MASK-1/10m/LEFT,surface_sigma/MASK-1/10m/LEFT,2,7,2.5,False,0.27233685286002063,0.8695845072617839,36.795928466853894,0.9246286582542047,0.020432740449905396
0.8687432035311677,2,5,surface_sigma/MASK-1/10m/LEFT,surface_sigma/MASK-1/10m/LEFT,2,5,1.5,False,0.06451726470219876,0.8687432035311677,22.126287909940142,0.9350636002746147,0.012754924595355988
0.8646813010758878,5,8,surface_sigma/MASK-1/10m/LEFT,surface_sigma/MASK-1/10m/LEFT,5,8,1.5,False,0.06742125992363188,0.8646813010758878,22.055254655332863,0.9283909466998567,0.012634072452783585
0.8642537259456639,4,9,surface_sigma/MASK-1/10m/LEFT,surface_sigma/MASK-1/10m/LEFT,4,9,2.5,False,0.307246480141285,0.8642537259456639,36.758225362775086,0.9213237131744072,0.018858235329389572
0.8630312409044282,4,12,surface_sigma/MASK-1/10m/LEFT,surface_sigma/MASK-1/10m/RIGHT,4,2,1.0,True,0.2861850640339838,0.8630312409044282,44.33616017732621,0.9280598153315751,0.015171305276453495
0.8614902125869368,3,13,surface_sigma/MASK-1/10m/LEFT,surface_sigma/MASK-1/10m/RIGHT,3,3,0.0,True,0.2764284314635485,0.8614902125869368,44.426135513035845,0.9285186845486576,0.008089395239949226
0.8578185983343422,14,19,surface_sigma/MASK-1/10m/RIGHT,surface_sigma/MASK-1/10m/RIGHT,4,9,2.5,False,0.3125399646784317,0.8578185983343422,36.932391841190636,0.9307789318388728,0.01899414137005806
0.8553842613738715,5,10,surface_sigma/MASK-1/10m/LEFT,surface_sigma/MASK-1/10m/RIGHT,5,0,2.5,True,0.2763287880980441,0.8553842613738715,36.922882899666476,0.9197579432632385,0.030582476407289505
0.8549343549995742,0,15,surface_sigma/MASK-1/10m/LEFT,surface_sigma/MASK-1/10m/RIGHT,0,5,2.5,True,0.31289608454928125,0.8549343549995742,36.83963080961319,0.928463846311716,0.01670166105031967
0.8548101650470845,10,15,surface_sigma/MASK-1/10m/RIGHT,surface_sigma/MASK-1/10m/RIGHT,0,5,2.5,False,0.31257648134756694,0.8548101650470845,36.83860572854649,0.9286602487466266,0.0241292305290699
0.854577536414852,1,7,surface_sigma/MASK-1/10m/LEFT,surface_sigma/MASK-1/10m/LEFT,1,7,3.0,False,0.29293948333082753,0.854577536414852,44.28714119192746,0.9197528381617042,0.025443319231271744
0.8497579198524854,1,15,surface_sigma/MASK-1/10m/LEFT,surface_sigma/MASK-1/10m/RIGHT,1,5,2.0,True,0.28195223042227713,0.8497579198524854,44.2679178643051,0.9215683068882199,0.010916747152805328
0.8480306044552445,1,14,surface_sigma/MASK-1/10m/LEFT,surface_sigma/MASK-1/10m/RIGHT,1,4,1.5,True,0.31320845856191604,0.8480306044552445,36.98526809917238,0.9447260235676331,0.007127888035029173
0.8468466606806543,1,5,surface_sigma/MASK-1/10m/LEFT,surface_sigma/MASK-1/10m/LEFT,1,5,2.0,False,0.2667402429118017,0.8468466606806543,29.46277793741001,0.9058798211364941,0.017643433064222336
0.8455283669651588,12,18,surface_sigma/MASK-1/10m/RIGHT,surface_sigma/MASK-1/10m/RIGHT,2,8,3.0,False,0.2526827809643311,0.8455283669651588,44.21071760390746,0.9285357806108508,0.0222320556640625
0.8442541897027812,3,16,surface_sigma/MASK-1/10m/LEFT,surface_sigma/MASK-1/10m/RIGHT,3,6,1.5,True,0.18086696660131066,0.8442541897027812,66.55312780923222,0.9261241448403337,0.005293983966112137
0.8442188355629041,2,6,surface_sigma/MASK-1/10m/LEFT,surface_sigma/MASK-1/10m/LEFT,2,6,2.0,False,0.2628758507534284,0.8442188355629041,29.399644269271892,0.9419736526460541,0.016557414084672928
0.8418540035093334,11,17,surface_sigma/MASK-1/10m/RIGHT,surface_sigma/MASK-1/10m/RIGHT,1,7,3.0,False,0.25617472918918816,0.8418540035093334,44.139997172993986,0.9423352859862503,0.02386169508099556
0.837280709874677,4,13,surface_sigma/MASK-1/10m/LEFT,surface_sigma/MASK-1/10m/RIGHT,4,3,0.5,True,0.07133239682521876,0.837280709874677,51.7056178807051,0.9244096946072927,0.011339925229549408
0.8330807172949058,6,11,surface_sigma/MASK-1/10m/LEFT,surface_sigma/MASK-1/10m/RIGHT,6,1,2.5,True,0.0738368397749404,0.8330807172949058,51.70423484742968,0.9488105718133732,0.02805135026574135
0.8316823549424815,2,15,surface_sigma/MASK-1/10m/LEFT,surface_sigma/MASK-1/10m/RIGHT,2,5,1.5,True,0.07415007136015803,0.8316823549424815,51.79226417037231,0.9356870308671168,0.005740559659898281
0.8292517053089635,11,18,surface_sigma/MASK-1/10m/RIGHT,surface_sigma/MASK-1/10m/RIGHT,1,8,3.5,False,0.08573331986443371,0.8292517053089635,51.57709314706212,0.9386359011661967,0.027106527239084244
0.82853409111804,3,9,surface_sigma/MASK-1/10m/LEFT,surface_sigma/MASK-1/10m/LEFT,3,9,3.0,False,0.29720623114090916,0.82853409111804,44.1783459865351,0.9308519711247067,0.022297363728284836
0.827727659541813,2,14,surface_sigma/MASK-1/10m/LEFT,surface_sigma/MASK-1/10m/RIGHT,2,4,1.0,True,0.28128100844710147,0.827727659541813,44.316219761996976,0.9295316346884193,0.003371582133695483
0.8214007258019731,4,8,surface_sigma/MASK-1/10m/LEFT,surface_sigma/MASK-1/10m/LEFT,4,8,2.0,False,0.24089535722854005,0.8214007258019731,29.304114136812938,0.9076203038220756,0.016059162095189095
0.8183532320320388,5,12,surface_sigma/MASK-1/10m/LEFT,surface_sigma/MASK-1/10m/RIGHT,5,2,1.5,True,0.07262180863705857,0.8183532320320388,51.73369099617026,0.9238845742236083,0.019072264432907104
0.8178799753170295,2,9,surface_sigma/MASK-1/10m/LEFT,surface_sigma/MASK-1/10m/LEFT,2,9,3.5,False,0.07345231951081652,0.8178799753170295,51.44277261846078,0.9297888543035076,0.02686808444559574
0.8173499098970239,6,10,surface_sigma/MASK-1/10m/LEFT,surface_sigma/MASK-1/10m/RIGHT,6,0,3.0,True,0.2995692551012793,0.8173499098970239,44.313963291085805,0.9300251475770294,0.034415487200021744
0.8161503785348477,0,7,surface_sigma/MASK-1/10m/LEFT,surface_sigma/MASK-1/10m/LEFT,0,7,3.5,False,0.06892372184736113,0.8161503785348477,51.65020009515808,0.9076579402005812,0.031433917582035065
0.8115115585500542,1,6,surface_sigma/MASK-1/10m/LEFT,surface_sigma/MASK-1/10m/LEFT,1,6,2.5,False,0.25536991417785887,0.8115115585500542,36.84411669227654,0.9256792421963019,0.02190755121409893
0.8112984586293858,13,19,surface_sigma/MASK-1/10m/RIGHT,surface_sigma/MASK-1/10m/RIGHT,3,9,3.0,False,0.22905964498261816,0.8112984586293858,44.27281682281662,0.9333642069532347,0.02287455089390278
0.808669926986488,5,13,surface_sigma/MASK-1/10m/LEFT,surface_sigma/MASK-1/10m/RIGHT,5,3,1.0,True,0.12486926259298856,0.808669926986488,59.18000844030291,0.9441762590872911,0.015161538496613503
0.8067593706642191,3,14,surface_sigma/MASK-1/10m/LEFT,surface_sigma/MASK-1/10m/RIGHT,3,4,0.5,True,0.07423379428590347,0.8067593706642191,51.7336868197953,0.9254192978538188,0.005909831263124943
0.7980188537335361,3,15,surface_sigma/MASK-1/10m/LEFT,surface_sigma/MASK-1/10m/RIGHT,3,5,1.0,True,0.130692157730322,0.7980188537335361,59.138941119540306,0.9173807506691251,0.0036840829998254776
0.7946809329495553,8,11,surface_sigma/MASK-1/10m/LEFT,surface_sigma/MASK-1/10m/RIGHT,8,1,3.5,True,0.1565216597780987,0.7946809329495553,66.27583955571092,0.9565660796502162,0.0354105643928051
0.7945154319881745,12,19,surface_sigma/MASK-1/10m/RIGHT,surface_sigma/MASK-1/10m/RIGHT,2,9,3.5,False,0.07841909112469969,0.7945154319881745,51.73979660463781,0.9154803592660478,0.026381224393844604
0.7945032378701323,7,11,surface_sigma/MASK-1/10m/LEFT,surface_sigma/MASK-1/10m/RIGHT,7,1,3.0,True,0.1190726517946215,0.7945032378701323,59.01186522362746,0.9340385365119429,0.03164123371243477
0.793639180390887,1,9,surface_sigma/MASK-1/10m/LEFT,surface_sigma/MASK-1/10m/LEFT,1,9,4.0,False,0.12181195549276284,0.793639180390887,58.8914257564097,0.9318137106962247,0.03223063051700592
0.7926860771341075,0,6,surface_sigma/MASK-1/10m/LEFT,surface_sigma/MASK-1/10m/LEFT,0,6,3.0,False,0.2998699119472276,0.7926860771341075,44.31190739448573,0.9302240568132735,0.027750853449106216
0.7883660469121601,3,8,surface_sigma/MASK-1/10m/LEFT,surface_sigma/MASK-1/10m/LEFT,3,8,2.5,False,0.2882419175147162,0.7883660469121601,36.70045860153034,0.9315409128372383,0.019787393510341644
0.7851557456018516,10,17,surface_sigma/MASK-1/10m/RIGHT,surface_sigma/MASK-1/10m/RIGHT,0,7,3.5,False,0.0900154893279879,0.7851557456018516,51.51347245776659,0.9277218331170036,0.03052469715476036
0.7851461986298292,0,17,surface_sigma/MASK-1/10m/LEFT,surface_sigma/MASK-1/10m/RIGHT,0,7,3.5,True,0.08922796626490193,0.7851461986298292,51.51533789395956,0.9275231418634842,0.02364196628332138
0.783415418566648,0,18,surface_sigma/MASK-1/10m/LEFT,surface_sigma/MASK-1/10m/RIGHT,0,8,4.0,True,0.12088626657024772,0.783415418566648,58.99905998001323,0.9211018067607124,0.026895957067608833
0.7830752222393372,10,18,surface_sigma/MASK-1/10m/RIGHT,surface_sigma/MASK-1/10m/RIGHT,0,8,4.0,False,0.12183041364763833,0.7830752222393372,58.99760997054919,0.9214405519148202,0.03345377743244171
0.7802751570980763,7,10,surface_sigma/MASK-1/10m/LEFT,surface_sigma/MASK-1/10m/RIGHT,7,0,3.5,True,0.06943547274257021,0.7802751570980763,51.64647911629215,0.9077239889661505,0.0380605086684227
0.7776282381595124,6,13,surface_sigma/MASK-1/10m/LEFT,surface_sigma/MASK-1/10m/RIGHT,6,3,1.5,True,0.17184163582361953,0.7776282381595124,66.61024906769813,0.9637156855682031,0.0191650390625
0.7756927710133676,4,14,surface_sigma/MASK-1/10m/LEFT,surface_sigma/MASK-1/10m/RIGHT,4,4,0.0,True,0.12863963573403445,0.7756927710133676,58.95888571422674,0.9196181073453747,0.00797037873417139
0.7741837929593506,0,5,surface_sigma/MASK-1/10m/LEFT,surface_sigma/MASK-1/10m/LEFT,0,5,2.5,False,0.2764753696316249,0.7741837929593506,36.91741558317504,0.9197596871250356,0.02369791641831398
0.772468331563985,1,17,surface_sigma/MASK-1/10m/LEFT,surface_sigma/MASK-1/10m/RIGHT,1,7,3.0,True,0.12840511392735457,0.772468331563985,59.03317251805469,0.9457286348911138,0.01798136532306671
0.7692144167615356,1,18,surface_sigma/MASK-1/10m/LEFT,surface_sigma/MASK-1/10m/RIGHT,1,8,3.5,True,0.1885032360529948,0.7692144167615356,66.1711294879118,0.9374203341434659,0.021101277321577072
0.7688946546804948,6,12,surface_sigma/MASK-1/10m/LEFT,surface_sigma/MASK-1/10m/RIGHT,6,2,2.0,True,0.12181306446186092,0.7688946546804948,59.13092895440891,0.9441240522247372,0.023261919617652893
0.7674015898727348,2,8,surface_sigma/MASK-1/10m/LEFT,surface_sigma/MASK-1/10m/LEFT,2,8,3.0,False,0.30134831429310177,0.7674015898727348,44.1779818121914,0.9413456572019678,0.02426249161362648
0.7672410421519866,0,9,surface_sigma/MASK-1/10m/LEFT,surface_sigma/MASK-1/10m/LEFT,0,9,4.5,False,0.16696279111837295,0.7672410421519866,66.27938575695039,0.9189313527713615,0.03789164498448372
0.7657992483129092,8,10,surface_sigma/MASK-1/10m/LEFT,surface_sigma/MASK-1/10m/RIGHT,8,0,4.0,True,0.12281572161291836,0.7657992483129092,58.9366156845718,0.9230110252368354,0.041936032474040985
0.7641980928884179,2,17,surface_sigma/MASK-1/10m/LEFT,surface_sigma/MASK-1/10m/RIGHT,2,7,2.5,True,0.17799718462226244,0.7641980928884179,66.47803412449917,0.9569892836422821,0.012966715730726719
0.7564724685806576,11,19,surface_sigma/MASK-1/10m/RIGHT,surface_sigma/MASK-1/10m/RIGHT,1,9,4.0,False,0.14146051476569402,0.7564724685806576,58.95660019748441,0.9196887337481617,0.031271159648895264
0.749662174716143,5,14,surface_sigma/MASK-1/10m/LEFT,surface_sigma/MASK-1/10m/RIGHT,5,4,0.5,True,0.15944073221231278,0.749662174716143,66.35895392172888,0.9298881454345862,0.011223144829273224
0.7472721999721663,1,8,surface_sigma/MASK-1/10m/LEFT,surface_sigma/MASK-1/10m/LEFT,1,8,3.5,False,0.0805168499089062,0.7472721999721663,51.459625866093866,0.9244468853657564,0.029244180768728256
0.7445212349045771,9,10,surface_sigma/MASK-1/10m/LEFT,surface_sigma/MASK-1/10m/RIGHT,9,0,4.5,True,0.16738254415546042,0.7445212349045771,66.287283043537,0.9194382715975377,0.044546306133270264
0.7421335171969389,4,15,surface_sigma/MASK-1/10m/LEFT,surface_sigma/MASK-1/10m/RIGHT,4,5,0.5,True,0.186060157197896,0.7421335171969389,66.24202079038508,0.9255304527860863,0.005153401754796505
0.740422426946616,10,19,surface_sigma/MASK-1/10m/RIGHT,surface_sigma/MASK-1/10m/RIGHT,0,9,4.5,False,0.18082374178115634,0.740422426946616,66.50780008892283,0.9135052722936654,0.03763895481824875
0.7400794773819058,0,19,surface_sigma/MASK-1/10m/LEFT,surface_sigma/MASK-1/10m/RIGHT,0,9,4.5,True,0.18077127560669062,0.7400794773819058,66.49735903903054,0.9132007504273278,0.031032104045152664
0.7375959697656987,7,12,surface_sigma/MASK-1/10m/LEFT,surface_sigma/MASK-1/10m/RIGHT,7,2,2.5,True,0.18493686678621726,0.7375959697656987,66.41713732300013,0.9313192020219205,0.026811115443706512
0.7219017231748076,0,8,surface_sigma/MASK-1/10m/LEFT,surface_sigma/MASK-1/10m/LEFT,0,8,4.0,False,0.12185933294518314,0.7219017231748076,58.929441975664965,0.9227349501762444,0.03529215231537819
0.7076966523153577,9,12,surface_sigma/MASK-1/10m/LEFT,surface_sigma/MASK-1/10m/RIGHT,9,2,3.5,True,0.24190720788047532,0.7076966523153577,80.96616020595295,0.9413588323711758,0.03349649906158447
0.6785495771941967,9,16,surface_sigma/MASK-1/10m/LEFT,surface_sigma/MASK-1/10m/RIGHT,9,6,1.5,True,0.41098965354797007,0.6785495771941967,37.691120382076434,0.9514596068746956,0.01964660733938217
0.6768019439134276,8,16,surface_sigma/MASK-1/10m/LEFT,surface_sigma/MASK-1/10m/RIGHT,8,6,1.0,True,0.23614562504762707,0.6768019439134276,29.785009003165086,0.9248208264137457,0.016690673306584358
0.653384859321481,8,12,surface_sigma/MASK-1/10m/LEFT,surface_sigma/MASK-1/10m/RIGHT,8,2,3.0,True,0.6827680053751185,0.653384859321481,0.6828664832008159,0.9630977125878784,0.030654296278953552
0.6508321018406806,4,17,surface_sigma/MASK-1/10m/LEFT,surface_sigma/MASK-1/10m/RIGHT,4,7,1.5,True,0.24174465594516617,0.6508321018406806,7.635073416474829,0.9458505843953361,0.005477089434862137
0.6492236347665487,8,15,surface_sigma/MASK-1/10m/LEFT,surface_sigma/MASK-1/10m/RIGHT,8,5,1.5,True,0.07815421885030496,0.6492236347665487,22.799669411640572,0.9449081480943791,0.019543049857020378
0.6472377513871393,8,14,surface_sigma/MASK-1/10m/LEFT,surface_sigma/MASK-1/10m/RIGHT,8,4,2.0,True,0.11251007080757515,0.6472377513871393,15.293405476623896,0.9587317375475488,0.023066813126206398
0.6444297194771961,4,16,surface_sigma/MASK-1/10m/LEFT,surface_sigma/MASK-1/10m/RIGHT,4,6,1.0,True,0.656112754890818,0.6444297194771961,0.36986302365383544,0.9598724321498797,0.0022678638342767954
0.6435858777858514,9,11,surface_sigma/MASK-1/10m/LEFT,surface_sigma/MASK-1/10m/RIGHT,9,1,4.0,True,0.7016683178505164,0.6435858777858514,0.9414732914453567,0.9610219640483272,0.038257040083408356
0.6394619265557441,9,13,surface_sigma/MASK-1/10m/LEFT,surface_sigma/MASK-1/10m/RIGHT,9,3,3.0,True,0.1040437535994486,0.6394619265557441,15.784413754510918,0.9459052980592235,0.02953430265188217
0.6383368764983509,7,16,surface_sigma/MASK-1/10m/LEFT,surface_sigma/MASK-1/10m/RIGHT,7,6,0.5,True,0.07531821906345965,0.6383368764983509,22.628112629111897,0.9279572544596268,0.013215942308306694
0.637882660315429,8,13,surface_sigma/MASK-1/10m/LEFT,surface_sigma/MASK-1/10m/RIGHT,8,3,2.5,True,0.240990015201207,0.637882660315429,8.16297060120608,0.9585865610845772,0.026662394404411316
0.6366793895870777,8,17,surface_sigma/MASK-1/10m/LEFT,surface_sigma/MASK-1/10m/RIGHT,8,7,0.5,True,0.418207831547943,0.6366793895870777,37.24033409407301,0.9457289618651296,0.012033486738801003
0.6334830476481949,9,15,surface_sigma/MASK-1/10m/LEFT,surface_sigma/MASK-1/10m/RIGHT,9,5,2.0,True,0.2425785904067685,0.6334830476481949,30.539531080566967,0.9225641438690342,0.022502440959215164
0.6331477641937215,4,19,surface_sigma/MASK-1/10m/LEFT,surface_sigma/MASK-1/10m/RIGHT,4,9,2.5,True,0.10160523052189409,0.6331477641937215,22.064350381940844,0.9317242139243223,0.01225687563419342
0.6328484611388867,2,16,surface_sigma/MASK-1/10m/LEFT,surface_sigma/MASK-1/10m/RIGHT,2,6,2.0,True,0.1282246906394919,0.6328484611388867,14.51849772153795,0.936295420651618,0.008972778916358948
0.6288389018782233,3,17,surface_sigma/MASK-1/10m/LEFT,surface_sigma/MASK-1/10m/RIGHT,3,7,2.0,True,0.6361106901669665,0.6288389018782233,0.3138472616996318,0.9557750205148947,0.008503620512783527
0.6285278554055173,9,14,surface_sigma/MASK-1/10m/LEFT,surface_sigma/MASK-1/10m/RIGHT,9,4,2.5,True,0.0814778529506869,0.6285278554055173,23.006697243268206,0.9481972774175674,0.02619161270558834
0.628253836577278,5,15,surface_sigma/MASK-1/10m/LEFT,surface_sigma/MASK-1/10m/RIGHT,5,5,0.0,True,0.6508561863842314,0.628253836577278,0.5201161350887875,0.9694247621181774,0.008417969569563866
0.6280331984130206,8,19,surface_sigma/MASK-1/10m/LEFT,surface_sigma/MASK-1/10m/RIGHT,8,9,0.5,True,0.09368130275705615,0.6280331984130206,51.87476792016546,0.9076199223523905,0.005692953243851662
0.6279594521293678,4,18,surface_sigma/MASK-1/10m/LEFT,surface_sigma/MASK-1/10m/RIGHT,4,8,2.0,True,0.10117499077137504,0.6279594521293678,15.064181659369085,0.9405659202102574,0.007956542074680328
0.6278162521922377,9,17,surface_sigma/MASK-1/10m/LEFT,surface_sigma/MASK-1/10m/RIGHT,9,7,1.0,True,0.2724618544389895,0.6278162521922377,45.13456196299474,0.9457192498037338,0.015099692158401012
0.6241960618366148,2,18,surface_sigma/MASK-1/10m/LEFT,surface_sigma/MASK-1/10m/RIGHT,2,8,3.0,True,0.6238815438314179,0.6241960618366148,0.2707846515785894,0.9650477779985458,0.015923259779810905
0.6224297485560872,6,19,surface_sigma/MASK-1/10m/LEFT,surface_sigma/MASK-1/10m/RIGHT,6,9,1.5,True,0.3657969600994493,0.6224297485560872,37.20389786606082,0.9379034792113691,0.004664509557187557
0.6214996056220833,5,19,surface_sigma/MASK-1/10m/LEFT,surface_sigma/MASK-1/10m/RIGHT,5,9,2.0,True,0.21493812557649253,0.6214996056220833,29.790133701367548,0.9194309691762618,0.008601073175668716
0.6205696943963412,5,17,surface_sigma/MASK-1/10m/LEFT,surface_sigma/MASK-1/10m/RIGHT,5,7,1.0,True,0.10262773595749876,0.6205696943963412,15.27825732671022,0.9385602611607428,0.0020926916040480137
0.6192798556330619,6,16,surface_sigma/MASK-1/10m/LEFT,surface_sigma/MASK-1/10m/RIGHT,6,6,0.0,True,0.09577731683960461,0.6192798556330619,15.428784790720895,0.9330371238748958,0.009378662332892418
0.6176287127649897,2,19,surface_sigma/MASK-1/10m/LEFT,surface_sigma/MASK-1/10m/RIGHT,2,9,3.5,True,0.24752069819067166,0.6176287127649897,7.3998029151361955,0.9432944099747151,0.020207315683364868
0.6165672355054475,3,19,surface_sigma/MASK-1/10m/LEFT,surface_sigma/MASK-1/10m/RIGHT,3,9,3.0,True,0.10799859207316843,0.6165672355054475,14.849414996704867,0.936001157923981,0.015513916499912739
0.6144420031799513,6,17,surface_sigma/MASK-1/10m/LEFT,surface_sigma/MASK-1/10m/RIGHT,6,7,0.5,True,0.0719881809771417,0.6144420031799513,22.474104448530206,0.948277822034326,0.005298665724694729
0.6141863323939021,5,16,surface_sigma/MASK-1/10m/LEFT,surface_sigma/MASK-1/10m/RIGHT,5,6,0.5,True,0.24927978555460079,0.6141863323939021,7.9942690413147695,0.9156593230829864,0.004970093257725239
0.613529945311298,7,15,surface_sigma/MASK-1/10m/LEFT,surface_sigma/MASK-1/10m/RIGHT,7,5,1.0,True,0.0926810849932029,0.613529945311298,15.444115774190745,0.9336593555624123,0.01686706393957138
0.6128535543647019,5,18,surface_sigma/MASK-1/10m/LEFT,surface_sigma/MASK-1/10m/RIGHT,5,8,1.5,True,0.07938766083209639,0.6128535543647019,22.712614060247965,0.9401987283105827,0.004204712342470884
0.6122357065127729,6,14,surface_sigma/MASK-1/10m/LEFT,surface_sigma/MASK-1/10m/RIGHT,6,4,1.0,True,0.6463823673005613,0.6122357065127729,0.6146337887724624,0.9544279866276317,0.016116740182042122
0.6110233600741654,1,19,surface_sigma/MASK-1/10m/LEFT,surface_sigma/MASK-1/10m/RIGHT,1,9,4.0,True,0.6110233600741654,0.6110233600741654,0.012710270337987023,0.9545738269725443,0.025290120393037796
0.608622991937267,9,18,surface_sigma/MASK-1/10m/LEFT,surface_sigma/MASK-1/10m/RIGHT,9,8,0.5,True,0.09132864238211652,0.608622991937267,51.956028561479435,0.9311933169984346,0.011982625350356102
0.604193780325655,8,18,surface_sigma/MASK-1/10m/LEFT,surface_sigma/MASK-1/10m/RIGHT,8,8,0.0,True,0.26623285265690677,0.604193780325655,44.46709806782515,0.9414687084232103,0.009100139141082764
0.6040922004516921,6,18,surface_sigma/MASK-1/10m/LEFT,surface_sigma/MASK-1/10m/RIGHT,6,8,1.0,True,0.23845118492823816,0.6040922004516921,30.02213333280577,0.9482459965565269,0.002277832245454192
0.6026661917004555,7,18,surface_sigma/MASK-1/10m/LEFT,surface_sigma/MASK-1/10m/RIGHT,7,8,0.5,True,0.4013607335097464,0.6026661917004555,37.20548936962824,0.9494740022358488,0.006484576966613531
0.6024191534584906,7,19,surface_sigma/MASK-1/10m/LEFT,surface_sigma/MASK-1/10m/RIGHT,7,9,1.0,True,0.24831569597569958,0.6024191534584906,44.55077867909747,0.9358938964728106,0.004033406265079975
0.5991783630945314,3,18,surface_sigma/MASK-1/10m/LEFT,surface_sigma/MASK-1/10m/RIGHT,3,8,2.5,True,0.24179398065409685,0.5991783630945314,7.820948402347784,0.9533554127987003,0.01138000562787056
0.5990956334091796,7,13,surface_sigma/MASK-1/10m/LEFT,surface_sigma/MASK-1/10m/RIGHT,7,3,2.0,True,0.6620581593131833,0.5990956334091796,0.920499763403741,0.9613333523704913,0.022814331576228142
0.5985465774264932,7,17,surface_sigma/MASK-1/10m/LEFT,surface_sigma/MASK-1/10m/RIGHT,7,7,0.0,True,0.2325463042021711,0.5985465774264932,30.028295928947195,0.9492035946659191,0.009294839575886726
0.5975683249413503,7,14,surface_sigma/MASK-1/10m/LEFT,surface_sigma/MASK-1/10m/RIGHT,7,4,1.5,True,0.2457088524249268,0.5975683249413503,8.047277371975781,0.9467107442268092,0.019730020314455032
0.5940583393644432,6,15,surface_sigma/MASK-1/10m/LEFT,surface_sigma/MASK-1/10m/RIGHT,6,5,0.5,True,0.243746875347411,0.5940583393644432,8.28298310976192,0.9462397925502006,0.012846273370087147
0.48555136839018276,9,19,surface_sigma/MASK-1/10m/LEFT,surface_sigma/MASK-1/10m/RIGHT,9,9,0.0,True,0.13035743322238993,0.48555136839018276,14.853094237773613,0.9094354258330674,0.008419597521424294
